season,date,event,patch,blue_team,red_team,winner,blue_team_win
1,2011-06-18,Main,,TSM,Team_gamed_21-de,TSM,1
1,2011-06-18,Main,,Counter_Logic_Gaming,Xan,Counter_Logic_Gaming,1
1,2011-06-18,Main,,TSM,Counter_Logic_Gaming,TSM,1
1,2011-06-18,Main,,Team_gamed_21-de,Xan,Team_gamed_21-de,1
1,2011-06-18,Main,,TSM,Xan,Xan,0
1,2011-06-18,Main,,Team_gamed_21-de,Counter_Logic_Gaming,Counter_Logic_Gaming,0
1,2011-06-18,Main,,Against_All_authority,Pacific_eSports,Against_All_authority,1
1,2011-06-18,Main,,Epik_Gamer,Fnatic,Epik_Gamer,1
1,2011-06-18,Main,,Against_All_authority,Fnatic,Against_All_authority,1
1,2011-06-18,Main,,Epik_Gamer,Pacific_eSports,Epik_Gamer,1
1,2011-06-18,Main,,Fnatic,Pacific_eSports,Fnatic,1
1,2011-06-18,Main,,Against_All_authority,Epik_Gamer,Epik_Gamer,0
1,2011-06-19,Main,,Fnatic,Epik_Gamer,Fnatic,1
1,2011-06-19,Main,,Epik_Gamer,Fnatic,Fnatic,0
1,2011-06-19,Main,,TSM,Against_All_authority,Against_All_authority,0
1,2011-06-19,Main,,Against_All_authority,TSM,Against_All_authority,1
1,2011-06-19,Main,,TSM,Against_All_authority,TSM,1
1,2011-06-19,Main,,Team_gamed_21-de,Counter_Logic_Gaming,Counter_Logic_Gaming,0
1,2011-06-19,Main,,Fnatic,Counter_Logic_Gaming,Fnatic,1
1,2011-06-19,Main,,Counter_Logic_Gaming,Fnatic,Fnatic,0
1,2011-06-19,Main,,Against_All_authority,Team_gamed_21-de,Against_All_authority,1
1,2011-06-20,Main,,Against_All_authority,Fnatic,Fnatic,0
1,2011-06-20,Main,,Fnatic,Against_All_authority,Against_All_authority,0
1,2011-06-20,Main,,Against_All_authority,TSM,Against_All_authority,1
1,2011-06-20,Main,,Epik_Gamer,TSM,TSM,0
1,2011-06-20,Main,,TSM,Epik_Gamer,TSM,1
1,2011-06-20,Main,,Fnatic,Against_All_authority,Fnatic,1
1,2011-06-20,Main,,Against_All_authority,Fnatic,Fnatic,0
2,2012-10-04,Main,,NaJin_Black_Sword,Saigon_Jokers,NaJin_Black_Sword,1
2,2012-10-04,Main,,Dignitas,Counter_Logic_Gaming_Europe,Counter_Logic_Gaming_Europe,0
2,2012-10-04,Main,,Invictus_Gaming,SK_Gaming,Invictus_Gaming,1
2,2012-10-04,Main,,Azubu_Frost,Counter_Logic_Gaming,Azubu_Frost,1
2,2012-10-04,Main,,SK_Gaming,Counter_Logic_Gaming,Counter_Logic_Gaming,0
2,2012-10-04,Main,,SK_Gaming,Azubu_Frost,Azubu_Frost,0
2,2012-10-04,Main,,Invictus_Gaming,Counter_Logic_Gaming,Invictus_Gaming,1
2,2012-10-04,Main,,Azubu_Frost,Invictus_Gaming,Azubu_Frost,1
2,2012-10-05,Main,,TSM,Azubu_Frost,Azubu_Frost,0
2,2012-10-05,Main,,NaJin_Black_Sword,Taipei_Assassins,Taipei_Assassins,0
2,2012-10-05,Main,,Taipei_Assassins,NaJin_Black_Sword,Taipei_Assassins,1
2,2012-10-05,Main,,Invictus_Gaming,Moscow_Five,Moscow_Five,0
2,2012-10-05,Main,,Moscow_Five,Invictus_Gaming,Moscow_Five,1
2,2012-10-05,Main,,Dignitas,NaJin_Black_Sword,NaJin_Black_Sword,0
2,2012-10-05,Main,,Dignitas,Saigon_Jokers,Saigon_Jokers,0
2,2012-10-05,Main,,Saigon_Jokers,Counter_Logic_Gaming_Europe,Counter_Logic_Gaming_Europe,0
2,2012-10-05,Main,,Counter_Logic_Gaming_Europe,NaJin_Black_Sword,NaJin_Black_Sword,0
2,2012-10-06,Main,,Azubu_Frost,TSM,Azubu_Frost,1
2,2012-10-07,Main,,Team_WE,Counter_Logic_Gaming_Europe,Counter_Logic_Gaming_Europe,0
2,2012-10-07,Main,,Counter_Logic_Gaming_Europe,Team_WE,Team_WE,0
2,2012-10-11,Main,,Counter_Logic_Gaming_Europe,Azubu_Frost,Azubu_Frost,0
2,2012-10-11,Main,,Azubu_Frost,Counter_Logic_Gaming_Europe,Azubu_Frost,1
2,2012-10-11,Main,,Counter_Logic_Gaming_Europe,Azubu_Frost,Counter_Logic_Gaming_Europe,1
2,2012-10-11,Main,,Counter_Logic_Gaming_Europe,Team_WE,Counter_Logic_Gaming_Europe,1
2,2012-10-11,Main,,Moscow_Five,Taipei_Assassins,Taipei_Assassins,0
2,2012-10-11,Main,,Taipei_Assassins,Moscow_Five,Taipei_Assassins,1
2,2012-10-11,Main,,Moscow_Five,Taipei_Assassins,Moscow_Five,1
2,2012-10-14,Main,,Azubu_Frost,Taipei_Assassins,Taipei_Assassins,0
2,2012-10-14,Main,,Taipei_Assassins,Azubu_Frost,Taipei_Assassins,1
2,2012-10-14,Main,,Azubu_Frost,Taipei_Assassins,Taipei_Assassins,0
2,2012-10-14,Main,,Taipei_Assassins,Azubu_Frost,Azubu_Frost,0
3,2013-09-15,Main,,Oh_My_God,SK_Telecom_T1,Oh_My_God,1
3,2013-09-15,Main,,Lemondogs,GamingGear_2e-eu,Lemondogs,1
3,2013-09-15,Main,,TSM,Oh_My_God,Oh_My_God,0
3,2013-09-15,Main,,SK_Telecom_T1,Lemondogs,SK_Telecom_T1,1
3,2013-09-15,Main,,GamingGear_2e-eu,TSM,TSM,0
3,2013-09-16,Main,,Gambit_Gaming,Samsung_White,Gambit_Gaming,1
3,2013-09-16,Main,,Mineski,Fnatic,Fnatic,0
3,2013-09-16,Main,,Samsung_White,Team_Vulcun,Samsung_White,1
3,2013-09-16,Main,,Gambit_Gaming,Mineski,Gambit_Gaming,1
3,2013-09-16,Main,,Team_Vulcun,Fnatic,Team_Vulcun,1
3,2013-09-17,Main,,Fnatic,Gambit_Gaming,Fnatic,1
3,2013-09-17,Main,,Mineski,Team_Vulcun,Team_Vulcun,0
3,2013-09-17,Main,,Samsung_White,Fnatic,Fnatic,0
3,2013-09-17,Main,,Team_Vulcun,Gambit_Gaming,Gambit_Gaming,0
3,2013-09-17,Main,,Mineski,Samsung_White,Samsung_White,0
3,2013-09-18,Main,,SK_Telecom_T1,TSM,SK_Telecom_T1,1
3,2013-09-18,Main,,GamingGear_2e-eu,Oh_My_God,Oh_My_God,0
3,2013-09-18,Main,,TSM,Lemondogs,TSM,1
3,2013-09-18,Main,,SK_Telecom_T1,GamingGear_2e-eu,SK_Telecom_T1,1
3,2013-09-18,Main,,Lemondogs,Oh_My_God,Oh_My_God,0
3,2013-09-20,Main,,Team_Vulcun,Mineski,Team_Vulcun,1
3,2013-09-20,Main,,Fnatic,Samsung_White,Fnatic,1
3,2013-09-20,Main,,Mineski,Gambit_Gaming,Gambit_Gaming,0
3,2013-09-20,Main,,Fnatic,Team_Vulcun,Fnatic,1
3,2013-09-20,Main,,Samsung_White,Gambit_Gaming,Samsung_White,1
3,2013-09-21,Main,,Samsung_White,Mineski,Samsung_White,1
3,2013-09-21,Main,,Gambit_Gaming,Team_Vulcun,Gambit_Gaming,1
3,2013-09-21,Main,,Fnatic,Mineski,Fnatic,1
3,2013-09-21,Main,,Team_Vulcun,Samsung_White,Samsung_White,0
3,2013-09-21,Main,,Gambit_Gaming,Fnatic,Fnatic,0
3,2013-09-21,Main,,Oh_My_God,TSM,Oh_My_God,1
3,2013-09-21,Main,,GamingGear_2e-eu,Lemondogs,Lemondogs,0
3,2013-09-21,Main,,TSM,SK_Telecom_T1,SK_Telecom_T1,0
3,2013-09-21,Main,,Oh_My_God,GamingGear_2e-eu,Oh_My_God,1
3,2013-09-21,Main,,Lemondogs,SK_Telecom_T1,SK_Telecom_T1,0
3,2013-09-22,Main,,SK_Telecom_T1,Oh_My_God,SK_Telecom_T1,1
3,2013-09-22,Main,,Samsung_White,Gambit_Gaming,Gambit_Gaming,0
3,2013-09-22,Main,,TSM,GamingGear_2e-eu,GamingGear_2e-eu,0
3,2013-09-22,Main,,Oh_My_God,Lemondogs,Oh_My_God,1
3,2013-09-22,Main,,GamingGear_2e-eu,SK_Telecom_T1,SK_Telecom_T1,0
3,2013-09-22,Main,,Lemondogs,TSM,Lemondogs,1
3,2013-09-23,Main,,Gambit_Gaming,NaJin_Black_Sword,Gambit_Gaming,1
3,2013-09-23,Main,,Fnatic,Cloud9,Fnatic,1
3,2013-09-23,Main,,Cloud9,Fnatic,Cloud9,1
3,2013-09-23,Main,,Fnatic,Cloud9,Fnatic,1
3,2013-09-24,Main,,Gambit_Gaming,NaJin_Black_Sword,NaJin_Black_Sword,0
3,2013-09-24,Main,,NaJin_Black_Sword,Gambit_Gaming,NaJin_Black_Sword,1
3,2013-09-25,Main,,Oh_My_God,Royal_Club,Royal_Club,0
3,2013-09-25,Main,,Royal_Club,Oh_My_God,Royal_Club,1
3,2013-09-25,Main,,SK_Telecom_T1,Gamania_Bears,SK_Telecom_T1,1
3,2013-09-25,Main,,Gamania_Bears,SK_Telecom_T1,SK_Telecom_T1,0
3,2013-09-28,Main,,Royal_Club,Fnatic,Royal_Club,1
3,2013-09-28,Main,,Fnatic,Royal_Club,Fnatic,1
3,2013-09-28,Main,,Royal_Club,Fnatic,Royal_Club,1
3,2013-09-28,Main,,Fnatic,Royal_Club,Royal_Club,0
3,2013-09-28,Main,,SK_Telecom_T1,NaJin_Black_Sword,SK_Telecom_T1,1
3,2013-09-28,Main,,NaJin_Black_Sword,SK_Telecom_T1,SK_Telecom_T1,0
3,2013-09-28,Main,,SK_Telecom_T1,NaJin_Black_Sword,NaJin_Black_Sword,0
3,2013-09-28,Main,,NaJin_Black_Sword,SK_Telecom_T1,SK_Telecom_T1,0
3,2013-09-28,Main,,SK_Telecom_T1,NaJin_Black_Sword,NaJin_Black_Sword,0
3,2013-10-05,Main,,SK_Telecom_T1,Royal_Club,SK_Telecom_T1,1
3,2013-10-05,Main,,SK_Telecom_T1,Royal_Club,SK_Telecom_T1,1
3,2013-10-05,Main,,Royal_Club,SK_Telecom_T1,SK_Telecom_T1,0
4,2014-09-18,Main,4.14,Royal_Club,TSM,Royal_Club,1
4,2014-09-18,Main,4.14,Samsung_White,Ahq_eSports_Club,Samsung_White,1
4,2014-09-18,Main,4.14,Taipei_Assassins,Royal_Club,Royal_Club,0
4,2014-09-18,Main,4.14,Dark_Passage,Ahq_eSports_Club,Ahq_eSports_Club,0
4,2014-09-18,Main,4.14,TSM,SK_Gaming,TSM,1
4,2014-09-18,Main,4.14,EDward_Gaming,Samsung_White,Samsung_White,0
4,2014-09-19,Main,4.14,EDward_Gaming,Ahq_eSports_Club,EDward_Gaming,1
4,2014-09-19,Main,4.14,TSM,Taipei_Assassins,TSM,1
4,2014-09-19,Main,4.14,Dark_Passage,Samsung_White,Samsung_White,0
4,2014-09-19,Main,4.14,Royal_Club,SK_Gaming,Royal_Club,1
4,2014-09-19,Main,4.14,EDward_Gaming,Dark_Passage,EDward_Gaming,1
4,2014-09-19,Main,4.14,Taipei_Assassins,SK_Gaming,Taipei_Assassins,1
4,2014-09-20,Main,4.14,SK_Gaming,Taipei_Assassins,SK_Gaming,1
4,2014-09-20,Main,4.14,Dark_Passage,EDward_Gaming,EDward_Gaming,0
4,2014-09-20,Main,4.14,Taipei_Assassins,TSM,TSM,0
4,2014-09-20,Main,4.14,Ahq_eSports_Club,Samsung_White,Samsung_White,0
4,2014-09-20,Main,4.14,SK_Gaming,Royal_Club,Royal_Club,0
4,2014-09-20,Main,4.14,Samsung_White,Dark_Passage,Samsung_White,1
4,2014-09-21,Main,4.14,EDward_Gaming,Ahq_eSports_Club,EDward_Gaming,1
4,2014-09-21,Main,4.14,Samsung_White,EDward_Gaming,Samsung_White,1
4,2014-09-21,Main,4.14,SK_Gaming,TSM,SK_Gaming,1
4,2014-09-21,Main,4.14,Ahq_eSports_Club,EDward_Gaming,Ahq_eSports_Club,1
4,2014-09-21,Main,4.14,Royal_Club,Taipei_Assassins,Royal_Club,1
4,2014-09-21,Main,4.14,Ahq_eSports_Club,Dark_Passage,Ahq_eSports_Club,1
4,2014-09-21,Main,4.14,TSM,Royal_Club,TSM,1
4,2014-09-25,Main,4.14,Cloud9,KaBuM_21-_Esports,Cloud9,1
4,2014-09-25,Main,4.14,Fnatic,LMQ,LMQ,0
4,2014-09-25,Main,4.14,Cloud9,Alliance,Cloud9,1
4,2014-09-25,Main,4.14,Samsung_Blue,Oh_My_God,Samsung_Blue,1
4,2014-09-25,Main,4.14,NaJin_White_Shield,KaBuM_21-_Esports,NaJin_White_Shield,1
4,2014-09-25,Main,4.14,LMQ,Oh_My_God,LMQ,1
4,2014-09-26,Main,4.14,Samsung_Blue,LMQ,Samsung_Blue,1
4,2014-09-26,Main,4.14,Alliance,KaBuM_21-_Esports,Alliance,1
4,2014-09-26,Main,4.14,Oh_My_God,Fnatic,Oh_My_God,1
4,2014-09-26,Main,4.14,NaJin_White_Shield,Cloud9,NaJin_White_Shield,1
4,2014-09-26,Main,4.14,Samsung_Blue,Fnatic,Fnatic,0
4,2014-09-26,Main,4.14,NaJin_White_Shield,Alliance,NaJin_White_Shield,1
4,2014-09-27,Main,4.14,Alliance,NaJin_White_Shield,Alliance,1
4,2014-09-27,Main,4.14,Oh_My_God,Samsung_Blue,Samsung_Blue,0
4,2014-09-27,Main,4.14,KaBuM_21-_Esports,NaJin_White_Shield,NaJin_White_Shield,0
4,2014-09-27,Main,4.14,LMQ,Fnatic,Fnatic,0
4,2014-09-27,Main,4.14,Alliance,Cloud9,Alliance,1
4,2014-09-27,Main,4.14,Fnatic,Oh_My_God,Oh_My_God,0
4,2014-09-28,Main,4.14,NaJin_White_Shield,Cloud9,NaJin_White_Shield,1
4,2014-09-28,Main,4.14,Oh_My_God,LMQ,Oh_My_God,1
4,2014-09-28,Main,4.14,Cloud9,NaJin_White_Shield,Cloud9,1
4,2014-09-28,Main,4.14,Fnatic,Samsung_Blue,Samsung_Blue,0
4,2014-09-28,Main,4.14,KaBuM_21-_Esports,Alliance,KaBuM_21-_Esports,1
4,2014-09-28,Main,4.14,LMQ,Samsung_Blue,Samsung_Blue,0
4,2014-09-28,Main,4.14,KaBuM_21-_Esports,Cloud9,Cloud9,0
4,2014-10-03,Main,4.14,TSM,Samsung_White,Samsung_White,0
4,2014-10-03,Main,4.14,Samsung_White,TSM,TSM,0
4,2014-10-03,Main,4.14,TSM,Samsung_White,Samsung_White,0
4,2014-10-03,Main,4.14,Samsung_White,TSM,Samsung_White,1
4,2014-10-04,Main,4.14,Cloud9,Samsung_Blue,Samsung_Blue,0
4,2014-10-04,Main,4.14,Samsung_Blue,Cloud9,Samsung_Blue,1
4,2014-10-04,Main,4.14,Cloud9,Samsung_Blue,Samsung_Blue,0
4,2014-10-04,Main,4.14,Samsung_Blue,Cloud9,Cloud9,0
4,2014-10-05,Main,4.14,Royal_Club,EDward_Gaming,Royal_Club,1
4,2014-10-05,Main,4.14,EDward_Gaming,Royal_Club,EDward_Gaming,1
4,2014-10-05,Main,4.14,Royal_Club,EDward_Gaming,EDward_Gaming,0
4,2014-10-05,Main,4.14,EDward_Gaming,Royal_Club,Royal_Club,0
4,2014-10-05,Main,4.14,Royal_Club,EDward_Gaming,Royal_Club,1
4,2014-10-06,Main,4.14,NaJin_White_Shield,Oh_My_God,Oh_My_God,0
4,2014-10-06,Main,4.14,Oh_My_God,NaJin_White_Shield,Oh_My_God,1
4,2014-10-06,Main,4.14,NaJin_White_Shield,Oh_My_God,Oh_My_God,0
4,2014-10-11,Main,4.14,Samsung_Blue,Samsung_White,Samsung_White,0
4,2014-10-11,Main,4.14,Samsung_White,Samsung_Blue,Samsung_White,1
4,2014-10-11,Main,4.14,Samsung_Blue,Samsung_White,Samsung_White,0
4,2014-10-12,Main,4.14,Royal_Club,Oh_My_God,Royal_Club,1
4,2014-10-12,Main,4.14,Oh_My_God,Royal_Club,Oh_My_God,1
4,2014-10-12,Main,4.14,Royal_Club,Oh_My_God,Royal_Club,1
4,2014-10-12,Main,4.14,Oh_My_God,Royal_Club,Royal_Club,0
4,2014-10-12,Main,4.14,Royal_Club,Oh_My_God,Oh_My_God,0
4,2014-10-19,Main,4.14,Samsung_White,Royal_Club,Samsung_White,1
4,2014-10-19,Main,4.14,Royal_Club,Samsung_White,Royal_Club,1
4,2014-10-19,Main,4.14,Samsung_White,Royal_Club,Samsung_White,1
4,2014-10-19,Main,4.14,Royal_Club,Samsung_White,Samsung_White,0
5,2015-10-01,Main,5.18,PaiN_Gaming,ROX_Tigers,ROX_Tigers,0
5,2015-10-01,Main,5.18,Counter_Logic_Gaming,Flash_Wolves,Counter_Logic_Gaming,1
5,2015-10-01,Main,5.18,EDward_Gaming,Bangkok_Titans,EDward_Gaming,1
5,2015-10-01,Main,5.18,SK_Telecom_T1,H2k_2d-Gaming,SK_Telecom_T1,1
5,2015-10-01,Main,5.18,Cloud9,Ahq_eSports_Club,Cloud9,1
5,2015-10-01,Main,5.18,Fnatic,Invictus_Gaming,Fnatic,1
5,2015-10-02,Main,5.18,Counter_Logic_Gaming,PaiN_Gaming,Counter_Logic_Gaming,1
5,2015-10-02,Main,5.18,Flash_Wolves,ROX_Tigers,Flash_Wolves,1
5,2015-10-02,Main,5.18,H2k_2d-Gaming,EDward_Gaming,EDward_Gaming,0
5,2015-10-02,Main,5.18,Bangkok_Titans,SK_Telecom_T1,SK_Telecom_T1,0
5,2015-10-02,Main,5.18,LGD_Gaming,Origen,Origen,0
5,2015-10-02,Main,5.18,KT_Rolster,TSM,KT_Rolster,1
5,2015-10-03,Main,5.18,Ahq_eSports_Club,Fnatic,Ahq_eSports_Club,1
5,2015-10-03,Main,5.18,Invictus_Gaming,Cloud9,Cloud9,0
5,2015-10-03,Main,5.18,Origen,TSM,Origen,1
5,2015-10-03,Main,5.18,LGD_Gaming,KT_Rolster,KT_Rolster,0
5,2015-10-03,Main,5.18,H2k_2d-Gaming,Bangkok_Titans,H2k_2d-Gaming,1
5,2015-10-03,Main,5.18,EDward_Gaming,SK_Telecom_T1,SK_Telecom_T1,0
5,2015-10-04,Main,5.18,PaiN_Gaming,Flash_Wolves,PaiN_Gaming,1
5,2015-10-04,Main,5.18,ROX_Tigers,Counter_Logic_Gaming,ROX_Tigers,1
5,2015-10-04,Main,5.18,Cloud9,Fnatic,Cloud9,1
5,2015-10-04,Main,5.18,Invictus_Gaming,Ahq_eSports_Club,Invictus_Gaming,1
5,2015-10-04,Main,5.18,KT_Rolster,Origen,Origen,0
5,2015-10-04,Main,5.18,TSM,LGD_Gaming,TSM,1
5,2015-10-08,Main,5.18,PaiN_Gaming,Counter_Logic_Gaming,PaiN_Gaming,1
5,2015-10-08,Main,5.18,ROX_Tigers,Flash_Wolves,Flash_Wolves,0
5,2015-10-08,Main,5.18,Flash_Wolves,Counter_Logic_Gaming,Flash_Wolves,1
5,2015-10-08,Main,5.18,ROX_Tigers,PaiN_Gaming,ROX_Tigers,1
5,2015-10-08,Main,5.18,Flash_Wolves,PaiN_Gaming,Flash_Wolves,1
5,2015-10-08,Main,5.18,Counter_Logic_Gaming,ROX_Tigers,ROX_Tigers,0
5,2015-10-09,Main,5.18,SK_Telecom_T1,Bangkok_Titans,SK_Telecom_T1,1
5,2015-10-09,Main,5.18,EDward_Gaming,H2k_2d-Gaming,EDward_Gaming,1
5,2015-10-09,Main,5.18,H2k_2d-Gaming,SK_Telecom_T1,SK_Telecom_T1,0
5,2015-10-09,Main,5.18,Bangkok_Titans,EDward_Gaming,EDward_Gaming,0
5,2015-10-09,Main,5.18,Bangkok_Titans,H2k_2d-Gaming,H2k_2d-Gaming,0
5,2015-10-09,Main,5.18,SK_Telecom_T1,EDward_Gaming,SK_Telecom_T1,1
5,2015-10-10,Main,5.18,LGD_Gaming,TSM,LGD_Gaming,1
5,2015-10-10,Main,5.18,Origen,KT_Rolster,KT_Rolster,0
5,2015-10-10,Main,5.18,Origen,LGD_Gaming,LGD_Gaming,0
5,2015-10-10,Main,5.18,TSM,KT_Rolster,KT_Rolster,0
5,2015-10-10,Main,5.18,KT_Rolster,LGD_Gaming,KT_Rolster,1
5,2015-10-10,Main,5.18,TSM,Origen,Origen,0
5,2015-10-11,Main,5.18,Cloud9,Ahq_eSports_Club,Ahq_eSports_Club,0
5,2015-10-11,Main,5.18,Fnatic,Ahq_eSports_Club,Fnatic,1
5,2015-10-11,Main,5.18,Cloud9,Invictus_Gaming,Invictus_Gaming,0
5,2015-10-11,Main,5.18,Invictus_Gaming,Fnatic,Fnatic,0
5,2015-10-11,Main,5.18,Ahq_eSports_Club,Cloud9,Ahq_eSports_Club,1
5,2015-10-11,Main,5.18,Fnatic,Cloud9,Fnatic,1
5,2015-10-11,Main,5.18,Ahq_eSports_Club,Invictus_Gaming,Ahq_eSports_Club,1
5,2015-10-15,Main,5.18,Origen,Flash_Wolves,Origen,1
5,2015-10-15,Main,5.18,Flash_Wolves,Origen,Flash_Wolves,1
5,2015-10-15,Main,5.18,Origen,Flash_Wolves,Origen,1
5,2015-10-15,Main,5.18,Flash_Wolves,Origen,Origen,0
5,2015-10-16,Main,5.18,SK_Telecom_T1,Ahq_eSports_Club,SK_Telecom_T1,1
5,2015-10-16,Main,5.18,Ahq_eSports_Club,SK_Telecom_T1,SK_Telecom_T1,0
5,2015-10-16,Main,5.18,SK_Telecom_T1,Ahq_eSports_Club,SK_Telecom_T1,1
5,2015-10-17,Main,5.18,Fnatic,EDward_Gaming,Fnatic,1
5,2015-10-17,Main,5.18,EDward_Gaming,Fnatic,Fnatic,0
5,2015-10-17,Main,5.18,Fnatic,EDward_Gaming,Fnatic,1
5,2015-10-18,Main,5.18,ROX_Tigers,KT_Rolster,ROX_Tigers,1
5,2015-10-18,Main,5.18,KT_Rolster,ROX_Tigers,ROX_Tigers,0
5,2015-10-18,Main,5.18,ROX_Tigers,KT_Rolster,ROX_Tigers,1
5,2015-10-18,Main,5.18,KT_Rolster,ROX_Tigers,KT_Rolster,1
5,2015-10-24,Main,5.18,SK_Telecom_T1,Origen,SK_Telecom_T1,1
5,2015-10-24,Main,5.18,Origen,SK_Telecom_T1,SK_Telecom_T1,0
5,2015-10-24,Main,5.18,SK_Telecom_T1,Origen,SK_Telecom_T1,1
5,2015-10-25,Main,5.18,Fnatic,ROX_Tigers,ROX_Tigers,0
5,2015-10-25,Main,5.18,ROX_Tigers,Fnatic,ROX_Tigers,1
5,2015-10-25,Main,5.18,Fnatic,ROX_Tigers,ROX_Tigers,0
5,2015-10-31,Main,5.18,ROX_Tigers,SK_Telecom_T1,SK_Telecom_T1,0
5,2015-10-31,Main,5.18,SK_Telecom_T1,ROX_Tigers,ROX_Tigers,0
5,2015-10-31,Main,5.18,ROX_Tigers,SK_Telecom_T1,SK_Telecom_T1,0
5,2015-10-31,Main,5.18,SK_Telecom_T1,ROX_Tigers,SK_Telecom_T1,1
6,2016-09-29,Main,6.18,G2_Esports,Counter_Logic_Gaming,Counter_Logic_Gaming,0
6,2016-09-30,Main,6.18,Flash_Wolves,I_May,I_May,0
6,2016-09-30,Main,6.18,SK_Telecom_T1,Cloud9,SK_Telecom_T1,1
6,2016-09-30,Main,6.18,TSM,Royal_Never_Give_Up,Royal_Never_Give_Up,0
6,2016-09-30,Main,6.18,Samsung_Galaxy,Splyce,Samsung_Galaxy,1
6,2016-09-30,Main,6.18,INTZ,EDward_Gaming,INTZ,1
6,2016-09-30,Main,6.18,H2k_2d-Gaming,Ahq_eSports_Club,Ahq_eSports_Club,0
6,2016-09-30,Main,6.18,ROX_Tigers,Albus_NoX_Luna,ROX_Tigers,1
6,2016-10-01,Main,6.18,ROX_Tigers,G2_Esports,ROX_Tigers,1
6,2016-10-01,Main,6.18,Counter_Logic_Gaming,Albus_NoX_Luna,Albus_NoX_Luna,0
6,2016-10-01,Main,6.18,EDward_Gaming,Ahq_eSports_Club,EDward_Gaming,1
6,2016-10-01,Main,6.18,H2k_2d-Gaming,INTZ,H2k_2d-Gaming,1
6,2016-10-01,Main,6.18,Royal_Never_Give_Up,Splyce,Royal_Never_Give_Up,1
6,2016-10-01,Main,6.18,TSM,Samsung_Galaxy,TSM,1
6,2016-10-02,Main,6.18,EDward_Gaming,H2k_2d-Gaming,EDward_Gaming,1
6,2016-10-02,Main,6.18,Ahq_eSports_Club,INTZ,Ahq_eSports_Club,1
6,2016-10-02,Main,6.18,Royal_Never_Give_Up,Samsung_Galaxy,Samsung_Galaxy,0
6,2016-10-02,Main,6.18,Splyce,TSM,TSM,0
6,2016-10-02,Main,6.18,I_May,SK_Telecom_T1,SK_Telecom_T1,0
6,2016-10-02,Main,6.18,Flash_Wolves,Cloud9,Cloud9,0
6,2016-10-03,Main,6.18,Cloud9,I_May,Cloud9,1
6,2016-10-03,Main,6.18,SK_Telecom_T1,Flash_Wolves,Flash_Wolves,0
6,2016-10-03,Main,6.18,Counter_Logic_Gaming,ROX_Tigers,Counter_Logic_Gaming,1
6,2016-10-03,Main,6.18,Albus_NoX_Luna,G2_Esports,Albus_NoX_Luna,1
6,2016-10-06,Main,6.18,Albus_NoX_Luna,Counter_Logic_Gaming,Albus_NoX_Luna,1
6,2016-10-06,Main,6.18,G2_Esports,ROX_Tigers,ROX_Tigers,0
6,2016-10-07,Main,6.18,Ahq_eSports_Club,H2k_2d-Gaming,H2k_2d-Gaming,0
6,2016-10-07,Main,6.18,EDward_Gaming,INTZ,EDward_Gaming,1
6,2016-10-07,Main,6.18,ROX_Tigers,Albus_NoX_Luna,ROX_Tigers,1
6,2016-10-07,Main,6.18,ROX_Tigers,Counter_Logic_Gaming,ROX_Tigers,1
6,2016-10-07,Main,6.18,G2_Esports,Albus_NoX_Luna,G2_Esports,1
6,2016-10-07,Main,6.18,Albus_NoX_Luna,ROX_Tigers,Albus_NoX_Luna,1
6,2016-10-07,Main,6.18,Counter_Logic_Gaming,G2_Esports,Counter_Logic_Gaming,1
6,2016-10-08,Main,6.18,Splyce,Samsung_Galaxy,Samsung_Galaxy,0
6,2016-10-08,Main,6.18,Samsung_Galaxy,Royal_Never_Give_Up,Samsung_Galaxy,1
6,2016-10-08,Main,6.18,TSM,Splyce,TSM,1
6,2016-10-08,Main,6.18,Splyce,Royal_Never_Give_Up,Splyce,1
6,2016-10-08,Main,6.18,Samsung_Galaxy,TSM,Samsung_Galaxy,1
6,2016-10-08,Main,6.18,H2k_2d-Gaming,EDward_Gaming,H2k_2d-Gaming,1
6,2016-10-08,Main,6.18,Ahq_eSports_Club,EDward_Gaming,EDward_Gaming,0
6,2016-10-08,Main,6.18,INTZ,H2k_2d-Gaming,H2k_2d-Gaming,0
6,2016-10-08,Main,6.18,INTZ,Ahq_eSports_Club,Ahq_eSports_Club,0
6,2016-10-08,Main,6.18,H2k_2d-Gaming,EDward_Gaming,H2k_2d-Gaming,1
6,2016-10-09,Main,6.18,SK_Telecom_T1,I_May,SK_Telecom_T1,1
6,2016-10-09,Main,6.18,Cloud9,Flash_Wolves,Flash_Wolves,0
6,2016-10-09,Main,6.18,Cloud9,SK_Telecom_T1,SK_Telecom_T1,0
6,2016-10-09,Main,6.18,I_May,Flash_Wolves,I_May,1
6,2016-10-09,Main,6.18,Royal_Never_Give_Up,TSM,Royal_Never_Give_Up,1
6,2016-10-10,Main,6.18,Flash_Wolves,SK_Telecom_T1,SK_Telecom_T1,0
6,2016-10-10,Main,6.18,I_May,Cloud9,Cloud9,0
6,2016-10-13,Main,6.18,Cloud9,Samsung_Galaxy,Samsung_Galaxy,0
6,2016-10-13,Main,6.18,Samsung_Galaxy,Cloud9,Samsung_Galaxy,1
6,2016-10-14,Main,6.18,Royal_Never_Give_Up,SK_Telecom_T1,SK_Telecom_T1,0
6,2016-10-14,Main,6.18,SK_Telecom_T1,Royal_Never_Give_Up,Royal_Never_Give_Up,0
6,2016-10-14,Main,6.18,Samsung_Galaxy,Cloud9,Samsung_Galaxy,1
6,2016-10-15,Main,6.18,ROX_Tigers,EDward_Gaming,EDward_Gaming,0
6,2016-10-15,Main,6.18,EDward_Gaming,ROX_Tigers,ROX_Tigers,0
6,2016-10-15,Main,6.18,ROX_Tigers,EDward_Gaming,ROX_Tigers,1
6,2016-10-15,Main,6.18,Royal_Never_Give_Up,SK_Telecom_T1,SK_Telecom_T1,0
6,2016-10-15,Main,6.18,SK_Telecom_T1,Royal_Never_Give_Up,SK_Telecom_T1,1
6,2016-10-16,Main,6.18,H2k_2d-Gaming,Albus_NoX_Luna,H2k_2d-Gaming,1
6,2016-10-16,Main,6.18,Albus_NoX_Luna,H2k_2d-Gaming,H2k_2d-Gaming,0
6,2016-10-16,Main,6.18,H2k_2d-Gaming,Albus_NoX_Luna,H2k_2d-Gaming,1
6,2016-10-16,Main,6.18,EDward_Gaming,ROX_Tigers,ROX_Tigers,0
6,2016-10-21,Main,6.18,SK_Telecom_T1,ROX_Tigers,ROX_Tigers,0
6,2016-10-21,Main,6.18,ROX_Tigers,SK_Telecom_T1,SK_Telecom_T1,0
6,2016-10-22,Main,6.18,H2k_2d-Gaming,Samsung_Galaxy,Samsung_Galaxy,0
6,2016-10-22,Main,6.18,Samsung_Galaxy,H2k_2d-Gaming,Samsung_Galaxy,1
6,2016-10-22,Main,6.18,ROX_Tigers,SK_Telecom_T1,SK_Telecom_T1,0
6,2016-10-22,Main,6.18,SK_Telecom_T1,ROX_Tigers,SK_Telecom_T1,1
6,2016-10-22,Main,6.18,ROX_Tigers,SK_Telecom_T1,ROX_Tigers,1
6,2016-10-23,Main,6.18,Samsung_Galaxy,H2k_2d-Gaming,Samsung_Galaxy,1
6,2016-10-29,Main,6.18,Samsung_Galaxy,SK_Telecom_T1,SK_Telecom_T1,0
6,2016-10-30,Main,6.18,Samsung_Galaxy,SK_Telecom_T1,SK_Telecom_T1,0
6,2016-10-30,Main,6.18,SK_Telecom_T1,Samsung_Galaxy,Samsung_Galaxy,0
6,2016-10-30,Main,6.18,Samsung_Galaxy,SK_Telecom_T1,Samsung_Galaxy,1
6,2016-10-30,Main,6.18,SK_Telecom_T1,Samsung_Galaxy,SK_Telecom_T1,1
7,2017-09-23,Play in,7.18,Dire_Wolves,Team_oNe_eSports,Dire_Wolves,1
7,2017-09-23,Play in,7.18,Gambit_Esports,Team_WE,Team_WE,0
7,2017-09-23,Play in,7.18,Dire_Wolves,Cloud9,Cloud9,0
7,2017-09-23,Play in,7.18,Gambit_Esports,Lyon_Gaming__28-2013_Latin_American_Team_29-,Lyon_Gaming__28-2013_Latin_American_Team_29-,0
7,2017-09-23,Play in,7.18,Cloud9,Team_oNe_eSports,Cloud9,1
7,2017-09-23,Play in,7.18,Team_WE,Lyon_Gaming__28-2013_Latin_American_Team_29-,Team_WE,1
7,2017-09-24,Play in,7.18,Dire_Wolves,Team_oNe_eSports,Team_oNe_eSports,0
7,2017-09-24,Play in,7.18,Team_WE,Gambit_Esports,Team_WE,1
7,2017-09-24,Play in,7.18,Team_oNe_eSports,Dire_Wolves,Team_oNe_eSports,1
7,2017-09-24,Play in,7.18,Lyon_Gaming__28-2013_Latin_American_Team_29-,Gambit_Esports,Lyon_Gaming__28-2013_Latin_American_Team_29-,1
7,2017-09-24,Play in,7.18,Cloud9,Dire_Wolves,Cloud9,1
7,2017-09-24,Play in,7.18,Lyon_Gaming__28-2013_Latin_American_Team_29-,Team_WE,Team_WE,0
7,2017-09-24,Play in,7.18,Team_oNe_eSports,Cloud9,Cloud9,0
7,2017-09-25,Play in,7.18,Rampage,Fenerbah_c3-_a7-e_Esports,Fenerbah_c3-_a7-e_Esports,0
7,2017-09-25,Play in,7.18,Young_Generation,Fnatic,Fnatic,0
7,2017-09-25,Play in,7.18,Hong_Kong_Attitude,Fenerbah_c3-_a7-e_Esports,Fenerbah_c3-_a7-e_Esports,0
7,2017-09-25,Play in,7.18,Fnatic,Kaos_Latin_Gamers,Fnatic,1
7,2017-09-25,Play in,7.18,Rampage,Hong_Kong_Attitude,Hong_Kong_Attitude,0
7,2017-09-25,Play in,7.18,Young_Generation,Kaos_Latin_Gamers,Kaos_Latin_Gamers,0
7,2017-09-26,Play in,7.18,Hong_Kong_Attitude,Fenerbah_c3-_a7-e_Esports,Fenerbah_c3-_a7-e_Esports,0
7,2017-09-26,Play in,7.18,Fnatic,Young_Generation,Young_Generation,0
7,2017-09-26,Play in,7.18,Fenerbah_c3-_a7-e_Esports,Hong_Kong_Attitude,Hong_Kong_Attitude,0
7,2017-09-26,Play in,7.18,Kaos_Latin_Gamers,Fnatic,Fnatic,0
7,2017-09-26,Play in,7.18,Fenerbah_c3-_a7-e_Esports,Rampage,Fenerbah_c3-_a7-e_Esports,1
7,2017-09-26,Play in,7.18,Kaos_Latin_Gamers,Young_Generation,Young_Generation,0
7,2017-09-26,Play in,7.18,Hong_Kong_Attitude,Rampage,Hong_Kong_Attitude,1
7,2017-09-28,Play in,7.18,Fnatic,Hong_Kong_Attitude,Fnatic,1
7,2017-09-28,Play in,7.18,Fnatic,Hong_Kong_Attitude,Fnatic,1
7,2017-09-28,Play in,7.18,Fnatic,Hong_Kong_Attitude,Fnatic,1
7,2017-09-28,Play in,7.18,Cloud9,Lyon_Gaming__28-2013_Latin_American_Team_29-,Cloud9,1
7,2017-09-28,Play in,7.18,Lyon_Gaming__28-2013_Latin_American_Team_29-,Cloud9,Cloud9,0
7,2017-09-28,Play in,7.18,Cloud9,Lyon_Gaming__28-2013_Latin_American_Team_29-,Cloud9,1
7,2017-09-29,Play in,7.18,Team_WE,Young_Generation,Team_WE,1
7,2017-09-29,Play in,7.18,Young_Generation,Team_WE,Team_WE,0
7,2017-09-29,Play in,7.18,Team_WE,Young_Generation,Team_WE,1
7,2017-09-29,Play in,7.18,Fenerbah_c3-_a7-e_Esports,Team_oNe_eSports,Fenerbah_c3-_a7-e_Esports,1
7,2017-09-29,Play in,7.18,Fenerbah_c3-_a7-e_Esports,Team_oNe_eSports,Fenerbah_c3-_a7-e_Esports,1
7,2017-09-29,Play in,7.18,Team_oNe_eSports,Fenerbah_c3-_a7-e_Esports,Team_oNe_eSports,1
7,2017-09-29,Play in,7.18,Fenerbah_c3-_a7-e_Esports,Team_oNe_eSports,Fenerbah_c3-_a7-e_Esports,1
7,2017-10-05,Main,7.18,EDward_Gaming,Ahq_eSports_Club,Ahq_eSports_Club,0
7,2017-10-05,Main,7.18,SK_Telecom_T1,Cloud9,SK_Telecom_T1,1
7,2017-10-05,Main,7.18,Fnatic,GAM_Esports,GAM_Esports,0
7,2017-10-05,Main,7.18,Longzhu_Gaming,Immortals,Longzhu_Gaming,1
7,2017-10-05,Main,7.18,G2_Esports,Samsung_Galaxy,Samsung_Galaxy,0
7,2017-10-05,Main,7.18,Royal_Never_Give_Up,Fenerbah_c3-_a7-e_Esports,Royal_Never_Give_Up,1
7,2017-10-06,Main,7.18,EDward_Gaming,SK_Telecom_T1,SK_Telecom_T1,0
7,2017-10-06,Main,7.18,Ahq_eSports_Club,Cloud9,Cloud9,0
7,2017-10-06,Main,7.18,Longzhu_Gaming,GAM_Esports,Longzhu_Gaming,1
7,2017-10-06,Main,7.18,Immortals,Fnatic,Immortals,1
7,2017-10-06,Main,7.18,Team_WE,Misfits_Gaming,Team_WE,1
7,2017-10-06,Main,7.18,Flash_Wolves,TSM,TSM,0
7,2017-10-07,Main,7.18,Cloud9,EDward_Gaming,Cloud9,1
7,2017-10-07,Main,7.18,SK_Telecom_T1,Ahq_eSports_Club,SK_Telecom_T1,1
7,2017-10-07,Main,7.18,Samsung_Galaxy,Royal_Never_Give_Up,Royal_Never_Give_Up,0
7,2017-10-07,Main,7.18,G2_Esports,Fenerbah_c3-_a7-e_Esports,G2_Esports,1
7,2017-10-07,Main,7.18,Flash_Wolves,Misfits_Gaming,Misfits_Gaming,0
7,2017-10-07,Main,7.18,TSM,Team_WE,TSM,1
7,2017-10-08,Main,7.18,Royal_Never_Give_Up,G2_Esports,Royal_Never_Give_Up,1
7,2017-10-08,Main,7.18,Fenerbah_c3-_a7-e_Esports,Samsung_Galaxy,Samsung_Galaxy,0
7,2017-10-08,Main,7.18,Fnatic,Longzhu_Gaming,Longzhu_Gaming,0
7,2017-10-08,Main,7.18,GAM_Esports,Immortals,Immortals,0
7,2017-10-08,Main,7.18,Misfits_Gaming,TSM,Misfits_Gaming,1
7,2017-10-08,Main,7.18,Team_WE,Flash_Wolves,Team_WE,1
7,2017-10-12,Main,7.18,GAM_Esports,Fnatic,Fnatic,0
7,2017-10-12,Main,7.18,Fnatic,Immortals,Fnatic,1
7,2017-10-12,Main,7.18,Immortals,Longzhu_Gaming,Longzhu_Gaming,0
7,2017-10-12,Main,7.18,GAM_Esports,Fnatic,Fnatic,0
7,2017-10-12,Main,7.18,GAM_Esports,Longzhu_Gaming,Longzhu_Gaming,0
7,2017-10-12,Main,7.18,Fnatic,Immortals,Fnatic,1
7,2017-10-12,Main,7.18,Longzhu_Gaming,Fnatic,Longzhu_Gaming,1
7,2017-10-12,Main,7.18,Immortals,GAM_Esports,GAM_Esports,0
7,2017-10-13,Main,7.18,Royal_Never_Give_Up,Samsung_Galaxy,Royal_Never_Give_Up,1
7,2017-10-13,Main,7.18,Fenerbah_c3-_a7-e_Esports,G2_Esports,G2_Esports,0
7,2017-10-13,Main,7.18,Fenerbah_c3-_a7-e_Esports,Royal_Never_Give_Up,Royal_Never_Give_Up,0
7,2017-10-13,Main,7.18,Samsung_Galaxy,G2_Esports,Samsung_Galaxy,1
7,2017-10-13,Main,7.18,Samsung_Galaxy,Fenerbah_c3-_a7-e_Esports,Samsung_Galaxy,1
7,2017-10-13,Main,7.18,G2_Esports,Royal_Never_Give_Up,G2_Esports,1
7,2017-10-14,Main,7.18,Misfits_Gaming,TSM,Misfits_Gaming,1
7,2017-10-14,Main,7.18,Misfits_Gaming,Team_WE,Team_WE,0
7,2017-10-14,Main,7.18,TSM,Flash_Wolves,Flash_Wolves,0
7,2017-10-14,Main,7.18,TSM,Misfits_Gaming,TSM,1
7,2017-10-14,Main,7.18,Flash_Wolves,Team_WE,Team_WE,0
7,2017-10-14,Main,7.18,Team_WE,TSM,Team_WE,1
7,2017-10-14,Main,7.18,Misfits_Gaming,Flash_Wolves,Misfits_Gaming,1
7,2017-10-15,Main,7.18,SK_Telecom_T1,EDward_Gaming,SK_Telecom_T1,1
7,2017-10-15,Main,7.18,Cloud9,Ahq_eSports_Club,Cloud9,1
7,2017-10-15,Main,7.18,Cloud9,SK_Telecom_T1,SK_Telecom_T1,0
7,2017-10-15,Main,7.18,Ahq_eSports_Club,EDward_Gaming,EDward_Gaming,0
7,2017-10-15,Main,7.18,EDward_Gaming,Cloud9,EDward_Gaming,1
7,2017-10-15,Main,7.18,Ahq_eSports_Club,SK_Telecom_T1,Ahq_eSports_Club,1
7,2017-10-19,Main,7.18,Samsung_Galaxy,Longzhu_Gaming,Samsung_Galaxy,1
7,2017-10-19,Main,7.18,Longzhu_Gaming,Samsung_Galaxy,Samsung_Galaxy,0
7,2017-10-19,Main,7.18,Longzhu_Gaming,Samsung_Galaxy,Samsung_Galaxy,0
7,2017-10-20,Main,7.18,SK_Telecom_T1,Misfits_Gaming,SK_Telecom_T1,1
7,2017-10-20,Main,7.18,Misfits_Gaming,SK_Telecom_T1,SK_Telecom_T1,0
7,2017-10-20,Main,7.18,SK_Telecom_T1,Misfits_Gaming,Misfits_Gaming,0
7,2017-10-20,Main,7.18,Misfits_Gaming,SK_Telecom_T1,Misfits_Gaming,1
7,2017-10-20,Main,7.18,SK_Telecom_T1,Misfits_Gaming,SK_Telecom_T1,1
7,2017-10-21,Main,7.18,Fnatic,Royal_Never_Give_Up,Royal_Never_Give_Up,0
7,2017-10-21,Main,7.18,Fnatic,Royal_Never_Give_Up,Fnatic,1
7,2017-10-21,Main,7.18,Fnatic,Royal_Never_Give_Up,Royal_Never_Give_Up,0
7,2017-10-21,Main,7.18,Fnatic,Royal_Never_Give_Up,Royal_Never_Give_Up,0
7,2017-10-22,Main,7.18,Team_WE,Cloud9,Team_WE,1
7,2017-10-22,Main,7.18,Cloud9,Team_WE,Team_WE,0
7,2017-10-22,Main,7.18,Team_WE,Cloud9,Cloud9,0
7,2017-10-22,Main,7.18,Cloud9,Team_WE,Cloud9,1
7,2017-10-22,Main,7.18,Team_WE,Cloud9,Team_WE,1
7,2017-10-28,Main,7.18,Royal_Never_Give_Up,SK_Telecom_T1,SK_Telecom_T1,0
7,2017-10-28,Main,7.18,SK_Telecom_T1,Royal_Never_Give_Up,SK_Telecom_T1,1
7,2017-10-28,Main,7.18,Royal_Never_Give_Up,SK_Telecom_T1,Royal_Never_Give_Up,1
7,2017-10-28,Main,7.18,SK_Telecom_T1,Royal_Never_Give_Up,SK_Telecom_T1,1
7,2017-10-28,Main,7.18,Royal_Never_Give_Up,SK_Telecom_T1,Royal_Never_Give_Up,1
7,2017-10-29,Main,7.18,Samsung_Galaxy,Team_WE,Samsung_Galaxy,1
7,2017-10-29,Main,7.18,Team_WE,Samsung_Galaxy,Samsung_Galaxy,0
7,2017-10-29,Main,7.18,Samsung_Galaxy,Team_WE,Samsung_Galaxy,1
7,2017-10-29,Main,7.18,Team_WE,Samsung_Galaxy,Team_WE,1
7,2017-11-04,Main,7.18,Samsung_Galaxy,SK_Telecom_T1,Samsung_Galaxy,1
7,2017-11-04,Main,7.18,Samsung_Galaxy,SK_Telecom_T1,Samsung_Galaxy,1
7,2017-11-04,Main,7.18,Samsung_Galaxy,SK_Telecom_T1,Samsung_Galaxy,1
8,2018-10-01,Play in,8.19,Gambit_Esports,Kaos_Latin_Gamers,Gambit_Esports,1
8,2018-10-01,Play in,8.19,DetonatioN_FocusMe,Cloud9,Cloud9,0
8,2018-10-01,Play in,8.19,G_2d-Rex,Kaos_Latin_Gamers,G_2d-Rex,1
8,2018-10-01,Play in,8.19,DetonatioN_FocusMe,KaBuM_21-_Esports,DetonatioN_FocusMe,1
8,2018-10-01,Play in,8.19,Gambit_Esports,G_2d-Rex,G_2d-Rex,0
8,2018-10-01,Play in,8.19,Cloud9,KaBuM_21-_Esports,Cloud9,1
8,2018-10-02,Play in,8.19,Ascension_Gaming,G2_Esports,G2_Esports,0
8,2018-10-02,Play in,8.19,Dire_Wolves,EDward_Gaming,EDward_Gaming,0
8,2018-10-02,Play in,8.19,Ascension_Gaming,Papara_SuperMassive,Papara_SuperMassive,0
8,2018-10-02,Play in,8.19,Dire_Wolves,INFINITY,Dire_Wolves,1
8,2018-10-02,Play in,8.19,G2_Esports,Papara_SuperMassive,Papara_SuperMassive,0
8,2018-10-02,Play in,8.19,EDward_Gaming,INFINITY,EDward_Gaming,1
8,2018-10-03,Play in,8.19,DetonatioN_FocusMe,KaBuM_21-_Esports,DetonatioN_FocusMe,1
8,2018-10-03,Play in,8.19,Cloud9,DetonatioN_FocusMe,Cloud9,1
8,2018-10-03,Play in,8.19,Kaos_Latin_Gamers,G_2d-Rex,G_2d-Rex,0
8,2018-10-03,Play in,8.19,KaBuM_21-_Esports,Cloud9,Cloud9,0
8,2018-10-03,Play in,8.19,Kaos_Latin_Gamers,Gambit_Esports,Gambit_Esports,0
8,2018-10-03,Play in,8.19,KaBuM_21-_Esports,DetonatioN_FocusMe,KaBuM_21-_Esports,1
8,2018-10-03,Play in,8.19,G_2d-Rex,Gambit_Esports,G_2d-Rex,1
8,2018-10-04,Play in,8.19,G2_Esports,Papara_SuperMassive,G2_Esports,1
8,2018-10-04,Play in,8.19,EDward_Gaming,Dire_Wolves,EDward_Gaming,1
8,2018-10-04,Play in,8.19,G2_Esports,Ascension_Gaming,G2_Esports,1
8,2018-10-04,Play in,8.19,INFINITY,Dire_Wolves,INFINITY,1
8,2018-10-04,Play in,8.19,Papara_SuperMassive,Ascension_Gaming,Papara_SuperMassive,1
8,2018-10-04,Play in,8.19,INFINITY,EDward_Gaming,INFINITY,1
8,2018-10-04,Play in,8.19,Papara_SuperMassive,G2_Esports,G2_Esports,0
8,2018-10-06,Play in,8.19,DetonatioN_FocusMe,EDward_Gaming,EDward_Gaming,0
8,2018-10-06,Play in,8.19,EDward_Gaming,DetonatioN_FocusMe,EDward_Gaming,1
8,2018-10-06,Play in,8.19,DetonatioN_FocusMe,EDward_Gaming,EDward_Gaming,0
8,2018-10-06,Play in,8.19,Cloud9,Gambit_Esports,Cloud9,1
8,2018-10-06,Play in,8.19,Gambit_Esports,Cloud9,Gambit_Esports,1
8,2018-10-06,Play in,8.19,Cloud9,Gambit_Esports,Cloud9,1
8,2018-10-06,Play in,8.19,Gambit_Esports,Cloud9,Gambit_Esports,1
8,2018-10-06,Play in,8.19,Cloud9,Gambit_Esports,Cloud9,1
8,2018-10-07,Play in,8.19,Papara_SuperMassive,G_2d-Rex,G_2d-Rex,0
8,2018-10-07,Play in,8.19,G_2d-Rex,Papara_SuperMassive,G_2d-Rex,1
8,2018-10-07,Play in,8.19,Papara_SuperMassive,G_2d-Rex,G_2d-Rex,0
8,2018-10-07,Play in,8.19,G_2d-Rex,Papara_SuperMassive,Papara_SuperMassive,0
8,2018-10-07,Play in,8.19,INFINITY,G2_Esports,G2_Esports,0
8,2018-10-07,Play in,8.19,G2_Esports,INFINITY,G2_Esports,1
8,2018-10-07,Play in,8.19,INFINITY,G2_Esports,G2_Esports,0
8,2018-10-07,Play in,8.19,G2_Esports,INFINITY,INFINITY,0
8,2018-10-10,Main,8.19,Gen_2e-G,Team_Vitality,Team_Vitality,0
8,2018-10-10,Main,8.19,Royal_Never_Give_Up,Cloud9,Royal_Never_Give_Up,1
8,2018-10-10,Main,8.19,Kwangdong_Freecs,G2_Esports,G2_Esports,0
8,2018-10-10,Main,8.19,Phong_V_c5-_a9-_Buffalo,Flash_Wolves,Flash_Wolves,0
8,2018-10-10,Main,8.19,EDward_Gaming,MAD_Team,EDward_Gaming,1
8,2018-10-10,Main,8.19,KT_Rolster,Team_Liquid,KT_Rolster,1
8,2018-10-11,Main,8.19,Gen_2e-G,Royal_Never_Give_Up,Royal_Never_Give_Up,0
8,2018-10-11,Main,8.19,Team_Vitality,Cloud9,Cloud9,0
8,2018-10-11,Main,8.19,Invictus_Gaming,G_2d-Rex,Invictus_Gaming,1
8,2018-10-11,Main,8.19,100_Thieves,Fnatic,Fnatic,0
8,2018-10-11,Main,8.19,Phong_V_c5-_a9-_Buffalo,G2_Esports,Phong_V_c5-_a9-_Buffalo,1
8,2018-10-11,Main,8.19,Flash_Wolves,Kwangdong_Freecs,Flash_Wolves,1
8,2018-10-12,Main,8.19,Cloud9,Gen_2e-G,Gen_2e-G,0
8,2018-10-12,Main,8.19,Royal_Never_Give_Up,Team_Vitality,Royal_Never_Give_Up,1
8,2018-10-12,Main,8.19,100_Thieves,G_2d-Rex,100_Thieves,1
8,2018-10-12,Main,8.19,Fnatic,Invictus_Gaming,Invictus_Gaming,0
8,2018-10-12,Main,8.19,Team_Liquid,EDward_Gaming,EDward_Gaming,0
8,2018-10-12,Main,8.19,MAD_Team,KT_Rolster,KT_Rolster,0
8,2018-10-13,Main,8.19,KT_Rolster,EDward_Gaming,KT_Rolster,1
8,2018-10-13,Main,8.19,Team_Liquid,MAD_Team,Team_Liquid,1
8,2018-10-13,Main,8.19,G_2d-Rex,Fnatic,Fnatic,0
8,2018-10-13,Main,8.19,Invictus_Gaming,100_Thieves,Invictus_Gaming,1
8,2018-10-13,Main,8.19,G2_Esports,Flash_Wolves,G2_Esports,1
8,2018-10-13,Main,8.19,Kwangdong_Freecs,Phong_V_c5-_a9-_Buffalo,Kwangdong_Freecs,1
8,2018-10-14,Main,8.19,Royal_Never_Give_Up,Cloud9,Royal_Never_Give_Up,1
8,2018-10-14,Main,8.19,Royal_Never_Give_Up,Gen_2e-G,Royal_Never_Give_Up,1
8,2018-10-14,Main,8.19,Cloud9,Team_Vitality,Cloud9,1
8,2018-10-14,Main,8.19,Cloud9,Royal_Never_Give_Up,Cloud9,1
8,2018-10-14,Main,8.19,Team_Vitality,Gen_2e-G,Team_Vitality,1
8,2018-10-14,Main,8.19,Gen_2e-G,Cloud9,Cloud9,0
8,2018-10-14,Main,8.19,Team_Vitality,Royal_Never_Give_Up,Team_Vitality,1
8,2018-10-15,Main,8.19,Flash_Wolves,G2_Esports,G2_Esports,0
8,2018-10-15,Main,8.19,G2_Esports,Kwangdong_Freecs,Kwangdong_Freecs,0
8,2018-10-15,Main,8.19,Flash_Wolves,Phong_V_c5-_a9-_Buffalo,Phong_V_c5-_a9-_Buffalo,0
8,2018-10-15,Main,8.19,Phong_V_c5-_a9-_Buffalo,Kwangdong_Freecs,Kwangdong_Freecs,0
8,2018-10-15,Main,8.19,Flash_Wolves,G2_Esports,Flash_Wolves,1
8,2018-10-15,Main,8.19,G2_Esports,Phong_V_c5-_a9-_Buffalo,G2_Esports,1
8,2018-10-15,Main,8.19,Kwangdong_Freecs,Flash_Wolves,Kwangdong_Freecs,1
8,2018-10-16,Main,8.19,KT_Rolster,MAD_Team,KT_Rolster,1
8,2018-10-16,Main,8.19,EDward_Gaming,Team_Liquid,Team_Liquid,0
8,2018-10-16,Main,8.19,EDward_Gaming,KT_Rolster,EDward_Gaming,1
8,2018-10-16,Main,8.19,MAD_Team,Team_Liquid,Team_Liquid,0
8,2018-10-16,Main,8.19,MAD_Team,EDward_Gaming,EDward_Gaming,0
8,2018-10-16,Main,8.19,Team_Liquid,KT_Rolster,KT_Rolster,0
8,2018-10-17,Main,8.19,Fnatic,Invictus_Gaming,Fnatic,1
8,2018-10-17,Main,8.19,Invictus_Gaming,Fnatic,Fnatic,0
8,2018-10-17,Main,8.19,G_2d-Rex,100_Thieves,100_Thieves,0
8,2018-10-17,Main,8.19,100_Thieves,Invictus_Gaming,Invictus_Gaming,0
8,2018-10-17,Main,8.19,Fnatic,G_2d-Rex,Fnatic,1
8,2018-10-17,Main,8.19,G_2d-Rex,Invictus_Gaming,Invictus_Gaming,0
8,2018-10-17,Main,8.19,Fnatic,100_Thieves,Fnatic,1
8,2018-10-20,Main,8.19,Royal_Never_Give_Up,G2_Esports,G2_Esports,0
8,2018-10-20,Main,8.19,G2_Esports,Royal_Never_Give_Up,G2_Esports,1
8,2018-10-20,Main,8.19,Royal_Never_Give_Up,G2_Esports,Royal_Never_Give_Up,1
8,2018-10-20,Main,8.19,G2_Esports,Royal_Never_Give_Up,G2_Esports,1
8,2018-10-20,Main,8.19,Royal_Never_Give_Up,G2_Esports,Royal_Never_Give_Up,1
8,2018-10-20,Main,8.19,KT_Rolster,Invictus_Gaming,Invictus_Gaming,0
8,2018-10-20,Main,8.19,KT_Rolster,Invictus_Gaming,KT_Rolster,1
8,2018-10-20,Main,8.19,KT_Rolster,Invictus_Gaming,KT_Rolster,1
8,2018-10-20,Main,8.19,KT_Rolster,Invictus_Gaming,Invictus_Gaming,0
8,2018-10-20,Main,8.19,KT_Rolster,Invictus_Gaming,Invictus_Gaming,0
8,2018-10-21,Main,8.19,EDward_Gaming,Fnatic,Fnatic,0
8,2018-10-21,Main,8.19,Fnatic,EDward_Gaming,Fnatic,1
8,2018-10-21,Main,8.19,Fnatic,EDward_Gaming,Fnatic,1
8,2018-10-21,Main,8.19,Fnatic,EDward_Gaming,EDward_Gaming,0
8,2018-10-21,Main,8.19,Cloud9,Kwangdong_Freecs,Cloud9,1
8,2018-10-21,Main,8.19,Cloud9,Kwangdong_Freecs,Cloud9,1
8,2018-10-21,Main,8.19,Cloud9,Kwangdong_Freecs,Cloud9,1
8,2018-10-27,Main,8.19,Invictus_Gaming,G2_Esports,Invictus_Gaming,1
8,2018-10-27,Main,8.19,Invictus_Gaming,G2_Esports,Invictus_Gaming,1
8,2018-10-27,Main,8.19,Invictus_Gaming,G2_Esports,Invictus_Gaming,1
8,2018-10-28,Main,8.19,Fnatic,Cloud9,Fnatic,1
8,2018-10-28,Main,8.19,Cloud9,Fnatic,Fnatic,0
8,2018-10-28,Main,8.19,Fnatic,Cloud9,Fnatic,1
8,2018-11-03,Main,8.19,Invictus_Gaming,Fnatic,Invictus_Gaming,1
8,2018-11-03,Main,8.19,Fnatic,Invictus_Gaming,Invictus_Gaming,0
8,2018-11-03,Main,8.19,Fnatic,Invictus_Gaming,Invictus_Gaming,0
9,2019-10-02,Play in,9.19,Splyce,Isurus,Splyce,1
9,2019-10-02,Play in,9.19,MAMMOTH,Clutch_Gaming,Clutch_Gaming,0
9,2019-10-02,Play in,9.19,DetonatioN_FocusMe,Isurus,Isurus,0
9,2019-10-02,Play in,9.19,MAMMOTH,Unicorns_of_Love_2e-CIS,MAMMOTH,1
9,2019-10-02,Play in,9.19,DetonatioN_FocusMe,Splyce,Splyce,0
9,2019-10-02,Play in,9.19,Clutch_Gaming,Unicorns_of_Love_2e-CIS,Unicorns_of_Love_2e-CIS,0
9,2019-10-03,Play in,9.19,Hong_Kong_Attitude,Lowkey_Esports_2e-Vietnam,Lowkey_Esports_2e-Vietnam,0
9,2019-10-03,Play in,9.19,Royal_Youth,Flamengo_Esports,Flamengo_Esports,0
9,2019-10-03,Play in,9.19,MEGA,Lowkey_Esports_2e-Vietnam,MEGA,1
9,2019-10-03,Play in,9.19,DWG_KIA,Flamengo_Esports,DWG_KIA,1
9,2019-10-03,Play in,9.19,MEGA,Hong_Kong_Attitude,Hong_Kong_Attitude,0
9,2019-10-03,Play in,9.19,Royal_Youth,DWG_KIA,DWG_KIA,0
9,2019-10-04,Play in,9.19,Clutch_Gaming,Unicorns_of_Love_2e-CIS,Clutch_Gaming,1
9,2019-10-04,Play in,9.19,MAMMOTH,Unicorns_of_Love_2e-CIS,Unicorns_of_Love_2e-CIS,0
9,2019-10-04,Play in,9.19,Isurus,Splyce,Splyce,0
9,2019-10-04,Play in,9.19,Clutch_Gaming,MAMMOTH,Clutch_Gaming,1
9,2019-10-04,Play in,9.19,Isurus,DetonatioN_FocusMe,Isurus,1
9,2019-10-04,Play in,9.19,Unicorns_of_Love_2e-CIS,MAMMOTH,MAMMOTH,0
9,2019-10-04,Play in,9.19,Splyce,DetonatioN_FocusMe,DetonatioN_FocusMe,0
9,2019-10-04,Play in,9.19,Unicorns_of_Love_2e-CIS,Clutch_Gaming,Unicorns_of_Love_2e-CIS,1
9,2019-10-05,Play in,9.19,Royal_Youth,Flamengo_Esports,Royal_Youth,1
9,2019-10-05,Play in,9.19,Lowkey_Esports_2e-Vietnam,Hong_Kong_Attitude,Hong_Kong_Attitude,0
9,2019-10-05,Play in,9.19,Flamengo_Esports,Royal_Youth,Royal_Youth,0
9,2019-10-05,Play in,9.19,Lowkey_Esports_2e-Vietnam,MEGA,Lowkey_Esports_2e-Vietnam,1
9,2019-10-05,Play in,9.19,Flamengo_Esports,DWG_KIA,DWG_KIA,0
9,2019-10-05,Play in,9.19,Hong_Kong_Attitude,MEGA,Hong_Kong_Attitude,1
9,2019-10-05,Play in,9.19,DWG_KIA,Royal_Youth,DWG_KIA,1
9,2019-10-07,Play in,9.19,Clutch_Gaming,Royal_Youth,Clutch_Gaming,1
9,2019-10-07,Play in,9.19,Clutch_Gaming,Royal_Youth,Clutch_Gaming,1
9,2019-10-07,Play in,9.19,Clutch_Gaming,Royal_Youth,Clutch_Gaming,1
9,2019-10-07,Play in,9.19,Lowkey_Esports_2e-Vietnam,DWG_KIA,DWG_KIA,0
9,2019-10-07,Play in,9.19,DWG_KIA,Lowkey_Esports_2e-Vietnam,DWG_KIA,1
9,2019-10-07,Play in,9.19,DWG_KIA,Lowkey_Esports_2e-Vietnam,DWG_KIA,1
9,2019-10-07,Play in,9.19,Lowkey_Esports_2e-Vietnam,DWG_KIA,Lowkey_Esports_2e-Vietnam,1
9,2019-10-08,Play in,9.19,Splyce,Unicorns_of_Love_2e-CIS,Splyce,1
9,2019-10-08,Play in,9.19,Unicorns_of_Love_2e-CIS,Splyce,Unicorns_of_Love_2e-CIS,1
9,2019-10-08,Play in,9.19,Splyce,Unicorns_of_Love_2e-CIS,Splyce,1
9,2019-10-08,Play in,9.19,Splyce,Unicorns_of_Love_2e-CIS,Splyce,1
9,2019-10-08,Play in,9.19,Unicorns_of_Love_2e-CIS,Splyce,Unicorns_of_Love_2e-CIS,1
9,2019-10-08,Play in,9.19,Isurus,Hong_Kong_Attitude,Hong_Kong_Attitude,0
9,2019-10-08,Play in,9.19,Hong_Kong_Attitude,Isurus,Hong_Kong_Attitude,1
9,2019-10-08,Play in,9.19,Isurus,Hong_Kong_Attitude,Isurus,1
9,2019-10-08,Play in,9.19,Hong_Kong_Attitude,Isurus,Hong_Kong_Attitude,1
9,2019-10-12,Main,9.19,GAM_Esports,Splyce,Splyce,0
9,2019-10-12,Main,9.19,J_Team,FunPlus_Phoenix,J_Team,1
9,2019-10-12,Main,9.19,DWG_KIA,Team_Liquid,Team_Liquid,0
9,2019-10-12,Main,9.19,Invictus_Gaming,Ahq_eSports_Club,Invictus_Gaming,1
9,2019-10-12,Main,9.19,Royal_Never_Give_Up,Clutch_Gaming,Royal_Never_Give_Up,1
9,2019-10-12,Main,9.19,Fnatic,SK_Telecom_T1,SK_Telecom_T1,0
9,2019-10-13,Main,9.19,Cloud9,Hong_Kong_Attitude,Cloud9,1
9,2019-10-13,Main,9.19,Griffin__28-Korean_Team_29-,G2_Esports,G2_Esports,0
9,2019-10-13,Main,9.19,Ahq_eSports_Club,DWG_KIA,DWG_KIA,0
9,2019-10-13,Main,9.19,Team_Liquid,Invictus_Gaming,Invictus_Gaming,0
9,2019-10-13,Main,9.19,Fnatic,Clutch_Gaming,Fnatic,1
9,2019-10-13,Main,9.19,SK_Telecom_T1,Royal_Never_Give_Up,SK_Telecom_T1,1
9,2019-10-14,Main,9.19,G2_Esports,Cloud9,G2_Esports,1
9,2019-10-14,Main,9.19,Griffin__28-Korean_Team_29-,Hong_Kong_Attitude,Griffin__28-Korean_Team_29-,1
9,2019-10-14,Main,9.19,J_Team,GAM_Esports,GAM_Esports,0
9,2019-10-14,Main,9.19,FunPlus_Phoenix,Splyce,FunPlus_Phoenix,1
9,2019-10-14,Main,9.19,Ahq_eSports_Club,Team_Liquid,Team_Liquid,0
9,2019-10-14,Main,9.19,Invictus_Gaming,DWG_KIA,DWG_KIA,0
9,2019-10-15,Main,9.19,Hong_Kong_Attitude,G2_Esports,G2_Esports,0
9,2019-10-15,Main,9.19,Cloud9,Griffin__28-Korean_Team_29-,Griffin__28-Korean_Team_29-,0
9,2019-10-15,Main,9.19,Splyce,J_Team,J_Team,0
9,2019-10-15,Main,9.19,FunPlus_Phoenix,GAM_Esports,FunPlus_Phoenix,1
9,2019-10-15,Main,9.19,Clutch_Gaming,SK_Telecom_T1,SK_Telecom_T1,0
9,2019-10-15,Main,9.19,Royal_Never_Give_Up,Fnatic,Royal_Never_Give_Up,1
9,2019-10-17,Main,9.19,FunPlus_Phoenix,Splyce,FunPlus_Phoenix,1
9,2019-10-17,Main,9.19,FunPlus_Phoenix,J_Team,FunPlus_Phoenix,1
9,2019-10-17,Main,9.19,Splyce,GAM_Esports,Splyce,1
9,2019-10-17,Main,9.19,Splyce,FunPlus_Phoenix,Splyce,1
9,2019-10-17,Main,9.19,GAM_Esports,J_Team,J_Team,0
9,2019-10-17,Main,9.19,J_Team,Splyce,Splyce,0
9,2019-10-17,Main,9.19,GAM_Esports,FunPlus_Phoenix,FunPlus_Phoenix,0
9,2019-10-18,Main,9.19,G2_Esports,Griffin__28-Korean_Team_29-,Griffin__28-Korean_Team_29-,0
9,2019-10-18,Main,9.19,G2_Esports,Griffin__28-Korean_Team_29-,Griffin__28-Korean_Team_29-,0
9,2019-10-18,Main,9.19,Hong_Kong_Attitude,Cloud9,Cloud9,0
9,2019-10-18,Main,9.19,Cloud9,G2_Esports,G2_Esports,0
9,2019-10-18,Main,9.19,Hong_Kong_Attitude,Griffin__28-Korean_Team_29-,Griffin__28-Korean_Team_29-,0
9,2019-10-18,Main,9.19,G2_Esports,Hong_Kong_Attitude,G2_Esports,1
9,2019-10-18,Main,9.19,Griffin__28-Korean_Team_29-,Cloud9,Griffin__28-Korean_Team_29-,1
9,2019-10-19,Main,9.19,Fnatic,Royal_Never_Give_Up,Fnatic,1
9,2019-10-19,Main,9.19,SK_Telecom_T1,Clutch_Gaming,SK_Telecom_T1,1
9,2019-10-19,Main,9.19,Clutch_Gaming,Royal_Never_Give_Up,Royal_Never_Give_Up,0
9,2019-10-19,Main,9.19,SK_Telecom_T1,Fnatic,Fnatic,0
9,2019-10-19,Main,9.19,Clutch_Gaming,Fnatic,Fnatic,0
9,2019-10-19,Main,9.19,Royal_Never_Give_Up,SK_Telecom_T1,SK_Telecom_T1,0
9,2019-10-20,Main,9.19,Invictus_Gaming,Team_Liquid,Invictus_Gaming,1
9,2019-10-20,Main,9.19,DWG_KIA,Ahq_eSports_Club,DWG_KIA,1
9,2019-10-20,Main,9.19,DWG_KIA,Invictus_Gaming,DWG_KIA,1
9,2019-10-20,Main,9.19,Team_Liquid,Ahq_eSports_Club,Team_Liquid,1
9,2019-10-20,Main,9.19,Team_Liquid,DWG_KIA,DWG_KIA,0
9,2019-10-20,Main,9.19,Ahq_eSports_Club,Invictus_Gaming,Invictus_Gaming,0
9,2019-10-26,Main,9.19,FunPlus_Phoenix,Fnatic,FunPlus_Phoenix,1
9,2019-10-26,Main,9.19,FunPlus_Phoenix,Fnatic,Fnatic,0
9,2019-10-26,Main,9.19,Fnatic,FunPlus_Phoenix,FunPlus_Phoenix,0
9,2019-10-26,Main,9.19,FunPlus_Phoenix,Fnatic,FunPlus_Phoenix,1
9,2019-10-26,Main,9.19,Griffin__28-Korean_Team_29-,Invictus_Gaming,Invictus_Gaming,0
9,2019-10-26,Main,9.19,Invictus_Gaming,Griffin__28-Korean_Team_29-,Griffin__28-Korean_Team_29-,0
9,2019-10-26,Main,9.19,Griffin__28-Korean_Team_29-,Invictus_Gaming,Invictus_Gaming,0
9,2019-10-26,Main,9.19,Invictus_Gaming,Griffin__28-Korean_Team_29-,Invictus_Gaming,1
9,2019-10-27,Main,9.19,G2_Esports,DWG_KIA,G2_Esports,1
9,2019-10-27,Main,9.19,G2_Esports,DWG_KIA,G2_Esports,1
9,2019-10-27,Main,9.19,G2_Esports,DWG_KIA,DWG_KIA,0
9,2019-10-27,Main,9.19,G2_Esports,DWG_KIA,G2_Esports,1
9,2019-10-27,Main,9.19,SK_Telecom_T1,Splyce,SK_Telecom_T1,1
9,2019-10-27,Main,9.19,SK_Telecom_T1,Splyce,Splyce,0
9,2019-10-27,Main,9.19,SK_Telecom_T1,Splyce,SK_Telecom_T1,1
9,2019-10-27,Main,9.19,Splyce,SK_Telecom_T1,SK_Telecom_T1,0
9,2019-11-02,Main,9.19,Invictus_Gaming,FunPlus_Phoenix,FunPlus_Phoenix,0
9,2019-11-02,Main,9.19,FunPlus_Phoenix,Invictus_Gaming,FunPlus_Phoenix,1
9,2019-11-02,Main,9.19,Invictus_Gaming,FunPlus_Phoenix,Invictus_Gaming,1
9,2019-11-02,Main,9.19,FunPlus_Phoenix,Invictus_Gaming,FunPlus_Phoenix,1
9,2019-11-03,Main,9.19,G2_Esports,SK_Telecom_T1,G2_Esports,1
9,2019-11-03,Main,9.19,SK_Telecom_T1,G2_Esports,G2_Esports,0
9,2019-11-03,Main,9.19,G2_Esports,SK_Telecom_T1,SK_Telecom_T1,0
9,2019-11-03,Main,9.19,SK_Telecom_T1,G2_Esports,G2_Esports,0
9,2019-11-10,Main,9.19,FunPlus_Phoenix,G2_Esports,FunPlus_Phoenix,1
9,2019-11-10,Main,9.19,G2_Esports,FunPlus_Phoenix,FunPlus_Phoenix,0
9,2019-11-10,Main,9.19,FunPlus_Phoenix,G2_Esports,FunPlus_Phoenix,1
10,2020-09-25,Play in,10.19,Team_Liquid,MAD_Lions,Team_Liquid,1
10,2020-09-25,Play in,10.19,LGD_Gaming,PSG_Talon,PSG_Talon,0
10,2020-09-25,Play in,10.19,Legacy_Esports,INTZ,Legacy_Esports,1
10,2020-09-25,Play in,10.19,PSG_Talon,Movistar_R7,PSG_Talon,1
10,2020-09-25,Play in,10.19,MAD_Lions,INTZ,MAD_Lions,1
10,2020-09-26,Play in,10.19,Team_Liquid,Legacy_Esports,Team_Liquid,1
10,2020-09-26,Play in,10.19,Papara_SuperMassive,MAD_Lions,Papara_SuperMassive,1
10,2020-09-26,Play in,10.19,Unicorns_of_Love_2e-CIS,PSG_Talon,Unicorns_of_Love_2e-CIS,1
10,2020-09-26,Play in,10.19,LGD_Gaming,Movistar_R7,Movistar_R7,0
10,2020-09-26,Play in,10.19,V3_Esports,Unicorns_of_Love_2e-CIS,Unicorns_of_Love_2e-CIS,0
10,2020-09-26,Play in,10.19,INTZ,Papara_SuperMassive,Papara_SuperMassive,0
10,2020-09-26,Play in,10.19,Movistar_R7,V3_Esports,V3_Esports,0
10,2020-09-27,Play in,10.19,LGD_Gaming,V3_Esports,LGD_Gaming,1
10,2020-09-27,Play in,10.19,Unicorns_of_Love_2e-CIS,PSG_Talon,PSG_Talon,0
10,2020-09-27,Play in,10.19,Unicorns_of_Love_2e-CIS,LGD_Gaming,Unicorns_of_Love_2e-CIS,1
10,2020-09-27,Play in,10.19,PSG_Talon,V3_Esports,PSG_Talon,1
10,2020-09-27,Play in,10.19,Movistar_R7,Unicorns_of_Love_2e-CIS,Movistar_R7,1
10,2020-09-27,Play in,10.19,V3_Esports,LGD_Gaming,LGD_Gaming,0
10,2020-09-28,Play in,10.19,Team_Liquid,Legacy_Esports,Team_Liquid,1
10,2020-09-28,Play in,10.19,MAD_Lions,INTZ,MAD_Lions,1
10,2020-09-28,Play in,10.19,Legacy_Esports,Papara_SuperMassive,Legacy_Esports,1
10,2020-09-28,Play in,10.19,INTZ,Team_Liquid,INTZ,1
10,2020-09-28,Play in,10.19,MAD_Lions,Legacy_Esports,Legacy_Esports,0
10,2020-09-28,Play in,10.19,Papara_SuperMassive,Team_Liquid,Team_Liquid,0
10,2020-09-29,Play in,10.19,Papara_SuperMassive,MAD_Lions,Papara_SuperMassive,1
10,2020-09-29,Play in,10.19,MAD_Lions,Papara_SuperMassive,MAD_Lions,1
10,2020-09-29,Play in,10.19,Papara_SuperMassive,MAD_Lions,Papara_SuperMassive,1
10,2020-09-29,Play in,10.19,MAD_Lions,Papara_SuperMassive,MAD_Lions,1
10,2020-09-29,Play in,10.19,Papara_SuperMassive,MAD_Lions,Papara_SuperMassive,1
10,2020-09-29,Play in,10.19,LGD_Gaming,Movistar_R7,LGD_Gaming,1
10,2020-09-29,Play in,10.19,Movistar_R7,LGD_Gaming,LGD_Gaming,0
10,2020-09-29,Play in,10.19,Movistar_R7,LGD_Gaming,LGD_Gaming,0
10,2020-09-30,Play in,10.19,Unicorns_of_Love_2e-CIS,Papara_SuperMassive,Unicorns_of_Love_2e-CIS,1
10,2020-09-30,Play in,10.19,Papara_SuperMassive,Unicorns_of_Love_2e-CIS,Unicorns_of_Love_2e-CIS,0
10,2020-09-30,Play in,10.19,Unicorns_of_Love_2e-CIS,Papara_SuperMassive,Unicorns_of_Love_2e-CIS,1
10,2020-09-30,Play in,10.19,Legacy_Esports,LGD_Gaming,LGD_Gaming,0
10,2020-09-30,Play in,10.19,Legacy_Esports,LGD_Gaming,LGD_Gaming,0
10,2020-09-30,Play in,10.19,Legacy_Esports,LGD_Gaming,LGD_Gaming,0
10,2020-10-03,Main,10.19,TSM,Fnatic,Fnatic,0
10,2020-10-03,Main,10.19,Gen_2e-G,LGD_Gaming,Gen_2e-G,1
10,2020-10-03,Main,10.19,DWG_KIA,JD_Gaming,DWG_KIA,1
10,2020-10-03,Main,10.19,Rogue__28-European_Team_29-,PSG_Talon,Rogue__28-European_Team_29-,1
10,2020-10-03,Main,10.19,Unicorns_of_Love_2e-CIS,DRX,DRX,0
10,2020-10-03,Main,10.19,FlyQuest,Top_Esports,Top_Esports,0
10,2020-10-04,Main,10.19,LGD_Gaming,Fnatic,LGD_Gaming,1
10,2020-10-04,Main,10.19,Gen_2e-G,TSM,Gen_2e-G,1
10,2020-10-04,Main,10.19,PSG_Talon,JD_Gaming,JD_Gaming,0
10,2020-10-04,Main,10.19,Rogue__28-European_Team_29-,DWG_KIA,DWG_KIA,0
10,2020-10-04,Main,10.19,G2_Esports,Suning,G2_Esports,1
10,2020-10-04,Main,10.19,Machi_Esports,Team_Liquid,Machi_Esports,1
10,2020-10-05,Main,10.19,Top_Esports,DRX,Top_Esports,1
10,2020-10-05,Main,10.19,FlyQuest,Unicorns_of_Love_2e-CIS,FlyQuest,1
10,2020-10-05,Main,10.19,JD_Gaming,Rogue__28-European_Team_29-,JD_Gaming,1
10,2020-10-05,Main,10.19,DWG_KIA,PSG_Talon,DWG_KIA,1
10,2020-10-05,Main,10.19,Team_Liquid,Suning,Suning,0
10,2020-10-05,Main,10.19,Machi_Esports,G2_Esports,G2_Esports,0
10,2020-10-06,Main,10.19,TSM,LGD_Gaming,LGD_Gaming,0
10,2020-10-06,Main,10.19,Fnatic,Gen_2e-G,Fnatic,1
10,2020-10-06,Main,10.19,Top_Esports,Unicorns_of_Love_2e-CIS,Top_Esports,1
10,2020-10-06,Main,10.19,DRX,FlyQuest,DRX,1
10,2020-10-06,Main,10.19,Suning,Machi_Esports,Suning,1
10,2020-10-06,Main,10.19,G2_Esports,Team_Liquid,Team_Liquid,0
10,2020-10-08,Main,10.19,Suning,G2_Esports,Suning,1
10,2020-10-08,Main,10.19,Suning,G2_Esports,Suning,1
10,2020-10-08,Main,10.19,Team_Liquid,Machi_Esports,Team_Liquid,1
10,2020-10-08,Main,10.19,Suning,Team_Liquid,Team_Liquid,0
10,2020-10-08,Main,10.19,G2_Esports,Machi_Esports,G2_Esports,1
10,2020-10-08,Main,10.19,Machi_Esports,Suning,Suning,0
10,2020-10-08,Main,10.19,Team_Liquid,G2_Esports,G2_Esports,0
10,2020-10-09,Main,10.19,JD_Gaming,DWG_KIA,JD_Gaming,1
10,2020-10-09,Main,10.19,PSG_Talon,Rogue__28-European_Team_29-,PSG_Talon,1
10,2020-10-09,Main,10.19,JD_Gaming,PSG_Talon,PSG_Talon,0
10,2020-10-09,Main,10.19,DWG_KIA,Rogue__28-European_Team_29-,DWG_KIA,1
10,2020-10-09,Main,10.19,Rogue__28-European_Team_29-,JD_Gaming,JD_Gaming,0
10,2020-10-09,Main,10.19,PSG_Talon,DWG_KIA,DWG_KIA,0
10,2020-10-10,Main,10.19,Gen_2e-G,Fnatic,Gen_2e-G,1
10,2020-10-10,Main,10.19,LGD_Gaming,TSM,LGD_Gaming,1
10,2020-10-10,Main,10.19,Fnatic,LGD_Gaming,Fnatic,1
10,2020-10-10,Main,10.19,TSM,Gen_2e-G,Gen_2e-G,0
10,2020-10-10,Main,10.19,LGD_Gaming,Gen_2e-G,Gen_2e-G,0
10,2020-10-10,Main,10.19,Fnatic,TSM,Fnatic,1
10,2020-10-11,Main,10.19,DRX,Top_Esports,Top_Esports,0
10,2020-10-11,Main,10.19,Unicorns_of_Love_2e-CIS,FlyQuest,FlyQuest,0
10,2020-10-11,Main,10.19,Top_Esports,FlyQuest,FlyQuest,0
10,2020-10-11,Main,10.19,DRX,Unicorns_of_Love_2e-CIS,DRX,1
10,2020-10-11,Main,10.19,Unicorns_of_Love_2e-CIS,Top_Esports,Top_Esports,0
10,2020-10-11,Main,10.19,FlyQuest,DRX,DRX,0
10,2020-10-15,Main,10.19,DRX,DWG_KIA,DWG_KIA,0
10,2020-10-15,Main,10.19,DRX,DWG_KIA,DWG_KIA,0
10,2020-10-15,Main,10.19,DWG_KIA,DRX,DWG_KIA,1
10,2020-10-16,Main,10.19,JD_Gaming,Suning,Suning,0
10,2020-10-16,Main,10.19,JD_Gaming,Suning,Suning,0
10,2020-10-16,Main,10.19,Suning,JD_Gaming,Suning,1
10,2020-10-16,Main,10.19,Suning,JD_Gaming,JD_Gaming,0
10,2020-10-17,Main,10.19,Fnatic,Top_Esports,Top_Esports,0
10,2020-10-17,Main,10.19,Fnatic,Top_Esports,Top_Esports,0
10,2020-10-17,Main,10.19,Top_Esports,Fnatic,Top_Esports,1
10,2020-10-17,Main,10.19,Top_Esports,Fnatic,Fnatic,0
10,2020-10-17,Main,10.19,Top_Esports,Fnatic,Fnatic,0
10,2020-10-18,Main,10.19,G2_Esports,Gen_2e-G,G2_Esports,1
10,2020-10-18,Main,10.19,Gen_2e-G,G2_Esports,G2_Esports,0
10,2020-10-18,Main,10.19,Gen_2e-G,G2_Esports,G2_Esports,0
10,2020-10-24,Main,10.19,DWG_KIA,G2_Esports,DWG_KIA,1
10,2020-10-24,Main,10.19,G2_Esports,DWG_KIA,DWG_KIA,0
10,2020-10-24,Main,10.19,DWG_KIA,G2_Esports,G2_Esports,0
10,2020-10-24,Main,10.19,G2_Esports,DWG_KIA,DWG_KIA,0
10,2020-10-25,Main,10.19,Suning,Top_Esports,Suning,1
10,2020-10-25,Main,10.19,Top_Esports,Suning,Suning,0
10,2020-10-25,Main,10.19,Suning,Top_Esports,Top_Esports,0
10,2020-10-25,Main,10.19,Top_Esports,Suning,Suning,0
10,2020-10-31,Main,10.19,DWG_KIA,Suning,DWG_KIA,1
10,2020-10-31,Main,10.19,Suning,DWG_KIA,DWG_KIA,0
10,2020-10-31,Main,10.19,DWG_KIA,Suning,Suning,0
10,2020-10-31,Main,10.19,DWG_KIA,Suning,DWG_KIA,1
11,2021-10-05,Play in,11.19,Unicorns_of_Love_2e-CIS,Galatasaray_Esports,Galatasaray_Esports,0
11,2021-10-05,Play in,11.19,DetonatioN_FocusMe,Cloud9,Cloud9,0
11,2021-10-05,Play in,11.19,Galatasaray_Esports,Beyond_Gaming,Galatasaray_Esports,1
11,2021-10-05,Play in,11.19,Unicorns_of_Love_2e-CIS,DetonatioN_FocusMe,DetonatioN_FocusMe,0
11,2021-10-05,Play in,11.19,Hanwha_Life_Esports,INFINITY,Hanwha_Life_Esports,1
11,2021-10-05,Play in,11.19,LNG_Esports,PEACE__28-Oceanic_Team_29-,LNG_Esports,1
11,2021-10-05,Play in,11.19,INFINITY,RED_Canids,RED_Canids,0
11,2021-10-05,Play in,11.19,Hanwha_Life_Esports,LNG_Esports,LNG_Esports,0
11,2021-10-06,Play in,11.19,Cloud9,Galatasaray_Esports,Cloud9,1
11,2021-10-06,Play in,11.19,Beyond_Gaming,Unicorns_of_Love_2e-CIS,Beyond_Gaming,1
11,2021-10-06,Play in,11.19,Galatasaray_Esports,DetonatioN_FocusMe,DetonatioN_FocusMe,0
11,2021-10-06,Play in,11.19,Beyond_Gaming,Cloud9,Cloud9,0
11,2021-10-06,Play in,11.19,RED_Canids,Hanwha_Life_Esports,Hanwha_Life_Esports,0
11,2021-10-06,Play in,11.19,INFINITY,PEACE__28-Oceanic_Team_29-,PEACE__28-Oceanic_Team_29-,0
11,2021-10-06,Play in,11.19,RED_Canids,LNG_Esports,LNG_Esports,0
11,2021-10-06,Play in,11.19,PEACE__28-Oceanic_Team_29-,Hanwha_Life_Esports,Hanwha_Life_Esports,0
11,2021-10-07,Play in,11.19,DetonatioN_FocusMe,Cloud9,DetonatioN_FocusMe,1
11,2021-10-07,Play in,11.19,Unicorns_of_Love_2e-CIS,Beyond_Gaming,Beyond_Gaming,0
11,2021-10-07,Play in,11.19,Cloud9,Unicorns_of_Love_2e-CIS,Unicorns_of_Love_2e-CIS,0
11,2021-10-07,Play in,11.19,DetonatioN_FocusMe,Beyond_Gaming,DetonatioN_FocusMe,1
11,2021-10-07,Play in,11.19,PEACE__28-Oceanic_Team_29-,RED_Canids,PEACE__28-Oceanic_Team_29-,1
11,2021-10-07,Play in,11.19,LNG_Esports,INFINITY,LNG_Esports,1
11,2021-10-08,Play in,11.19,RED_Canids,PEACE__28-Oceanic_Team_29-,PEACE__28-Oceanic_Team_29-,0
11,2021-10-08,Play in,11.19,PEACE__28-Oceanic_Team_29-,RED_Canids,RED_Canids,0
11,2021-10-08,Play in,11.19,RED_Canids,PEACE__28-Oceanic_Team_29-,PEACE__28-Oceanic_Team_29-,0
11,2021-10-08,Play in,11.19,PEACE__28-Oceanic_Team_29-,RED_Canids,PEACE__28-Oceanic_Team_29-,1
11,2021-10-08,Play in,11.19,PEACE__28-Oceanic_Team_29-,RED_Canids,RED_Canids,0
11,2021-10-08,Play in,11.19,Galatasaray_Esports,Beyond_Gaming,Beyond_Gaming,0
11,2021-10-08,Play in,11.19,Beyond_Gaming,Galatasaray_Esports,Beyond_Gaming,1
11,2021-10-08,Play in,11.19,Galatasaray_Esports,Beyond_Gaming,Beyond_Gaming,0
11,2021-10-08,Play in,11.19,Galatasaray_Esports,Beyond_Gaming,Galatasaray_Esports,1
11,2021-10-08,Play in,11.19,Galatasaray_Esports,Beyond_Gaming,Galatasaray_Esports,1
11,2021-10-09,Play in,11.19,Cloud9,PEACE__28-Oceanic_Team_29-,Cloud9,1
11,2021-10-09,Play in,11.19,PEACE__28-Oceanic_Team_29-,Cloud9,Cloud9,0
11,2021-10-09,Play in,11.19,PEACE__28-Oceanic_Team_29-,Cloud9,Cloud9,0
11,2021-10-09,Play in,11.19,Hanwha_Life_Esports,Beyond_Gaming,Hanwha_Life_Esports,1
11,2021-10-09,Play in,11.19,Hanwha_Life_Esports,Beyond_Gaming,Hanwha_Life_Esports,1
11,2021-10-09,Play in,11.19,Beyond_Gaming,Hanwha_Life_Esports,Hanwha_Life_Esports,0
11,2021-10-11,Main,11.19,Rogue__28-European_Team_29-,Cloud9,Rogue__28-European_Team_29-,1
11,2021-10-11,Main,11.19,Team_Liquid,MAD_Lions,Team_Liquid,1
11,2021-10-11,Main,11.19,EDward_Gaming,100_Thieves,EDward_Gaming,1
11,2021-10-11,Main,11.19,T1,DetonatioN_FocusMe,T1,1
11,2021-10-11,Main,11.19,LNG_Esports,Gen_2e-G,Gen_2e-G,0
11,2021-10-11,Main,11.19,Hanwha_Life_Esports,Fnatic,Hanwha_Life_Esports,1
11,2021-10-11,Main,11.19,Royal_Never_Give_Up,PSG_Talon,Royal_Never_Give_Up,1
11,2021-10-11,Main,11.19,DWG_KIA,FunPlus_Phoenix,DWG_KIA,1
11,2021-10-12,Main,11.19,Team_Liquid,LNG_Esports,LNG_Esports,0
11,2021-10-12,Main,11.19,MAD_Lions,Gen_2e-G,MAD_Lions,1
11,2021-10-12,Main,11.19,DetonatioN_FocusMe,100_Thieves,100_Thieves,0
11,2021-10-12,Main,11.19,Cloud9,FunPlus_Phoenix,FunPlus_Phoenix,0
11,2021-10-12,Main,11.19,Fnatic,Royal_Never_Give_Up,Royal_Never_Give_Up,0
11,2021-10-12,Main,11.19,PSG_Talon,Hanwha_Life_Esports,PSG_Talon,1
11,2021-10-12,Main,11.19,Rogue__28-European_Team_29-,DWG_KIA,DWG_KIA,0
11,2021-10-12,Main,11.19,T1,EDward_Gaming,EDward_Gaming,0
11,2021-10-13,Main,11.19,100_Thieves,T1,T1,0
11,2021-10-13,Main,11.19,EDward_Gaming,DetonatioN_FocusMe,EDward_Gaming,1
11,2021-10-13,Main,11.19,DWG_KIA,Cloud9,DWG_KIA,1
11,2021-10-13,Main,11.19,Gen_2e-G,Team_Liquid,Gen_2e-G,1
11,2021-10-13,Main,11.19,PSG_Talon,Fnatic,PSG_Talon,1
11,2021-10-13,Main,11.19,FunPlus_Phoenix,Rogue__28-European_Team_29-,FunPlus_Phoenix,1
11,2021-10-13,Main,11.19,MAD_Lions,LNG_Esports,LNG_Esports,0
11,2021-10-13,Main,11.19,Royal_Never_Give_Up,Hanwha_Life_Esports,Royal_Never_Give_Up,1
11,2021-10-15,Main,11.19,Cloud9,Rogue__28-European_Team_29-,Cloud9,1
11,2021-10-15,Main,11.19,FunPlus_Phoenix,Rogue__28-European_Team_29-,Rogue__28-European_Team_29-,0
11,2021-10-15,Main,11.19,Cloud9,DWG_KIA,DWG_KIA,0
11,2021-10-15,Main,11.19,Rogue__28-European_Team_29-,FunPlus_Phoenix,Rogue__28-European_Team_29-,1
11,2021-10-15,Main,11.19,DWG_KIA,Rogue__28-European_Team_29-,DWG_KIA,1
11,2021-10-15,Main,11.19,FunPlus_Phoenix,Cloud9,Cloud9,0
11,2021-10-15,Main,11.19,Cloud9,Rogue__28-European_Team_29-,Cloud9,1
11,2021-10-15,Main,11.19,FunPlus_Phoenix,DWG_KIA,DWG_KIA,0
11,2021-10-16,Main,11.19,100_Thieves,EDward_Gaming,100_Thieves,1
11,2021-10-16,Main,11.19,DetonatioN_FocusMe,T1,T1,0
11,2021-10-16,Main,11.19,100_Thieves,DetonatioN_FocusMe,100_Thieves,1
11,2021-10-16,Main,11.19,EDward_Gaming,T1,T1,0
11,2021-10-16,Main,11.19,T1,100_Thieves,T1,1
11,2021-10-16,Main,11.19,DetonatioN_FocusMe,EDward_Gaming,EDward_Gaming,0
11,2021-10-17,Main,11.19,Hanwha_Life_Esports,Royal_Never_Give_Up,Royal_Never_Give_Up,0
11,2021-10-17,Main,11.19,Fnatic,PSG_Talon,PSG_Talon,0
11,2021-10-17,Main,11.19,Hanwha_Life_Esports,Royal_Never_Give_Up,Hanwha_Life_Esports,1
11,2021-10-17,Main,11.19,Fnatic,Hanwha_Life_Esports,Hanwha_Life_Esports,0
11,2021-10-17,Main,11.19,PSG_Talon,Royal_Never_Give_Up,Royal_Never_Give_Up,0
11,2021-10-17,Main,11.19,Royal_Never_Give_Up,Fnatic,Fnatic,0
11,2021-10-17,Main,11.19,Hanwha_Life_Esports,PSG_Talon,Hanwha_Life_Esports,1
11,2021-10-18,Main,11.19,Gen_2e-G,MAD_Lions,Gen_2e-G,1
11,2021-10-18,Main,11.19,MAD_Lions,LNG_Esports,MAD_Lions,1
11,2021-10-18,Main,11.19,Gen_2e-G,Team_Liquid,Gen_2e-G,1
11,2021-10-18,Main,11.19,LNG_Esports,MAD_Lions,MAD_Lions,0
11,2021-10-18,Main,11.19,Team_Liquid,Gen_2e-G,Team_Liquid,1
11,2021-10-18,Main,11.19,MAD_Lions,Team_Liquid,MAD_Lions,1
11,2021-10-18,Main,11.19,Gen_2e-G,LNG_Esports,LNG_Esports,0
11,2021-10-18,Main,11.19,LNG_Esports,Team_Liquid,Team_Liquid,0
11,2021-10-18,Main,11.19,Gen_2e-G,MAD_Lions,Gen_2e-G,1
11,2021-10-22,Main,11.19,Hanwha_Life_Esports,T1,T1,0
11,2021-10-22,Main,11.19,Hanwha_Life_Esports,T1,T1,0
11,2021-10-22,Main,11.19,T1,Hanwha_Life_Esports,T1,1
11,2021-10-23,Main,11.19,EDward_Gaming,Royal_Never_Give_Up,EDward_Gaming,1
11,2021-10-23,Main,11.19,EDward_Gaming,Royal_Never_Give_Up,Royal_Never_Give_Up,0
11,2021-10-23,Main,11.19,Royal_Never_Give_Up,EDward_Gaming,EDward_Gaming,0
11,2021-10-23,Main,11.19,EDward_Gaming,Royal_Never_Give_Up,EDward_Gaming,1
11,2021-10-23,Main,11.19,EDward_Gaming,Royal_Never_Give_Up,Royal_Never_Give_Up,0
11,2021-10-24,Main,11.19,MAD_Lions,DWG_KIA,DWG_KIA,0
11,2021-10-24,Main,11.19,MAD_Lions,DWG_KIA,DWG_KIA,0
11,2021-10-24,Main,11.19,DWG_KIA,MAD_Lions,DWG_KIA,1
11,2021-10-25,Main,11.19,Cloud9,Gen_2e-G,Gen_2e-G,0
11,2021-10-25,Main,11.19,Cloud9,Gen_2e-G,Gen_2e-G,0
11,2021-10-25,Main,11.19,Gen_2e-G,Cloud9,Gen_2e-G,1
11,2021-10-30,Main,11.19,T1,DWG_KIA,DWG_KIA,0
11,2021-10-30,Main,11.19,DWG_KIA,T1,DWG_KIA,1
11,2021-10-30,Main,11.19,DWG_KIA,T1,T1,0
11,2021-10-30,Main,11.19,T1,DWG_KIA,T1,1
11,2021-10-30,Main,11.19,DWG_KIA,T1,DWG_KIA,1
11,2021-10-31,Main,11.19,Gen_2e-G,EDward_Gaming,EDward_Gaming,0
11,2021-10-31,Main,11.19,EDward_Gaming,Gen_2e-G,EDward_Gaming,1
11,2021-10-31,Main,11.19,EDward_Gaming,Gen_2e-G,Gen_2e-G,0
11,2021-10-31,Main,11.19,Gen_2e-G,EDward_Gaming,Gen_2e-G,1
11,2021-10-31,Main,11.19,EDward_Gaming,Gen_2e-G,EDward_Gaming,1
11,2021-11-06,Main,11.19,DWG_KIA,EDward_Gaming,EDward_Gaming,0
11,2021-11-06,Main,11.19,EDward_Gaming,DWG_KIA,EDward_Gaming,1
11,2021-11-06,Main,11.19,EDward_Gaming,DWG_KIA,DWG_KIA,0
11,2021-11-06,Main,11.19,DWG_KIA,EDward_Gaming,DWG_KIA,1
11,2021-11-06,Main,11.19,DWG_KIA,EDward_Gaming,EDward_Gaming,0
12,2022-09-29,Play in,12.18,LOUD,Beyond_Gaming,Beyond_Gaming,0
12,2022-09-29,Play in,12.18,Fnatic,Evil_Geniuses_2e-NA,Fnatic,1
12,2022-09-29,Play in,12.18,Isurus,MAD_Lions,MAD_Lions,0
12,2022-09-30,Play in,12.18,DetonatioN_FocusMe,Chiefs_Esports_Club,DetonatioN_FocusMe,1
12,2022-09-30,Play in,12.18,Saigon_Buffalo,Isurus,Saigon_Buffalo,1
12,2022-09-30,Play in,12.18,Evil_Geniuses_2e-NA,LOUD,Evil_Geniuses_2e-NA,1
12,2022-09-30,Play in,12.18,Fnatic,DetonatioN_FocusMe,Fnatic,1
12,2022-09-30,Play in,12.18,DRX,Royal_Never_Give_Up,DRX,1
12,2022-09-30,Play in,12.18,Saigon_Buffalo,Istanbul_Wildcats,Saigon_Buffalo,1
12,2022-09-30,Play in,12.18,DetonatioN_FocusMe,LOUD,LOUD,0
12,2022-09-30,Play in,12.18,Chiefs_Esports_Club,Fnatic,Fnatic,0
12,2022-09-30,Play in,12.18,MAD_Lions,Istanbul_Wildcats,MAD_Lions,1
12,2022-10-01,Play in,12.18,Evil_Geniuses_2e-NA,Chiefs_Esports_Club,Evil_Geniuses_2e-NA,1
12,2022-10-01,Play in,12.18,Beyond_Gaming,DetonatioN_FocusMe,DetonatioN_FocusMe,0
12,2022-10-01,Play in,12.18,MAD_Lions,Saigon_Buffalo,MAD_Lions,1
12,2022-10-01,Play in,12.18,LOUD,Fnatic,LOUD,1
12,2022-10-01,Play in,12.18,Istanbul_Wildcats,DRX,DRX,0
12,2022-10-01,Play in,12.18,MAD_Lions,Royal_Never_Give_Up,Royal_Never_Give_Up,0
12,2022-10-01,Play in,12.18,DRX,Saigon_Buffalo,DRX,1
12,2022-10-01,Play in,12.18,Evil_Geniuses_2e-NA,Beyond_Gaming,Evil_Geniuses_2e-NA,1
12,2022-10-02,Play in,12.18,Istanbul_Wildcats,Isurus,Isurus,0
12,2022-10-02,Play in,12.18,DetonatioN_FocusMe,Evil_Geniuses_2e-NA,DetonatioN_FocusMe,1
12,2022-10-02,Play in,12.18,LOUD,Chiefs_Esports_Club,LOUD,1
12,2022-10-02,Play in,12.18,Beyond_Gaming,Fnatic,Fnatic,0
12,2022-10-02,Play in,12.18,Isurus,DRX,DRX,0
12,2022-10-02,Play in,12.18,Royal_Never_Give_Up,Istanbul_Wildcats,Royal_Never_Give_Up,1
12,2022-10-02,Play in,12.18,Chiefs_Esports_Club,Beyond_Gaming,Beyond_Gaming,0
12,2022-10-02,Play in,12.18,Royal_Never_Give_Up,Isurus,Royal_Never_Give_Up,1
12,2022-10-03,Play in,12.18,LOUD,DetonatioN_FocusMe,DetonatioN_FocusMe,0
12,2022-10-03,Play in,12.18,DetonatioN_FocusMe,LOUD,DetonatioN_FocusMe,1
12,2022-10-03,Play in,12.18,LOUD,DetonatioN_FocusMe,LOUD,1
12,2022-10-03,Play in,12.18,Saigon_Buffalo,MAD_Lions,MAD_Lions,0
12,2022-10-03,Play in,12.18,Saigon_Buffalo,MAD_Lions,MAD_Lions,0
12,2022-10-03,Play in,12.18,MAD_Lions,Saigon_Buffalo,Saigon_Buffalo,0
12,2022-10-03,Play in,12.18,MAD_Lions,Saigon_Buffalo,MAD_Lions,1
12,2022-10-03,Play in,12.18,LOUD,Evil_Geniuses_2e-NA,Evil_Geniuses_2e-NA,0
12,2022-10-03,Play in,12.18,Evil_Geniuses_2e-NA,DetonatioN_FocusMe,Evil_Geniuses_2e-NA,1
12,2022-10-03,Play in,12.18,Royal_Never_Give_Up,Saigon_Buffalo,Royal_Never_Give_Up,1
12,2022-10-03,Play in,12.18,DRX,MAD_Lions,DRX,1
12,2022-10-04,Play in,12.18,Royal_Never_Give_Up,DetonatioN_FocusMe,Royal_Never_Give_Up,1
12,2022-10-04,Play in,12.18,Royal_Never_Give_Up,DetonatioN_FocusMe,Royal_Never_Give_Up,1
12,2022-10-04,Play in,12.18,Royal_Never_Give_Up,DetonatioN_FocusMe,DetonatioN_FocusMe,0
12,2022-10-04,Play in,12.18,Evil_Geniuses_2e-NA,MAD_Lions,Evil_Geniuses_2e-NA,1
12,2022-10-04,Play in,12.18,MAD_Lions,Evil_Geniuses_2e-NA,Evil_Geniuses_2e-NA,0
12,2022-10-04,Play in,12.18,Evil_Geniuses_2e-NA,MAD_Lions,Evil_Geniuses_2e-NA,1
12,2022-10-04,Play in,12.18,LOUD,DetonatioN_FocusMe,DetonatioN_FocusMe,0
12,2022-10-05,Play in,12.18,DetonatioN_FocusMe,Royal_Never_Give_Up,Royal_Never_Give_Up,0
12,2022-10-07,Main,12.18,CTBC_Flying_Oyster,100_Thieves,CTBC_Flying_Oyster,1
12,2022-10-07,Main,12.18,G2_Esports,DWG_KIA,DWG_KIA,0
12,2022-10-07,Main,12.18,Cloud9,Fnatic,Fnatic,0
12,2022-10-08,Main,12.18,Fnatic,T1,Fnatic,1
12,2022-10-08,Main,12.18,Evil_Geniuses_2e-NA,G2_Esports,G2_Esports,0
12,2022-10-08,Main,12.18,Rogue__28-European_Team_29-,DRX,Rogue__28-European_Team_29-,1
12,2022-10-08,Main,12.18,Gen_2e-G,Royal_Never_Give_Up,Royal_Never_Give_Up,0
12,2022-10-08,Main,12.18,T1,EDward_Gaming,T1,1
12,2022-10-08,Main,12.18,JD_Gaming,Evil_Geniuses_2e-NA,JD_Gaming,1
12,2022-10-09,Main,12.18,EDward_Gaming,Fnatic,EDward_Gaming,1
12,2022-10-09,Main,12.18,100_Thieves,Gen_2e-G,Gen_2e-G,0
12,2022-10-09,Main,12.18,GAM_Esports,Rogue__28-European_Team_29-,Rogue__28-European_Team_29-,0
12,2022-10-09,Main,12.18,DWG_KIA,JD_Gaming,JD_Gaming,0
12,2022-10-09,Main,12.18,Top_Esports,GAM_Esports,Top_Esports,1
12,2022-10-09,Main,12.18,EDward_Gaming,Cloud9,EDward_Gaming,1
12,2022-10-10,Main,12.18,DWG_KIA,Evil_Geniuses_2e-NA,DWG_KIA,1
12,2022-10-10,Main,12.18,Rogue__28-European_Team_29-,Top_Esports,Rogue__28-European_Team_29-,1
12,2022-10-10,Main,12.18,JD_Gaming,G2_Esports,JD_Gaming,1
12,2022-10-10,Main,12.18,DRX,Top_Esports,DRX,1
12,2022-10-10,Main,12.18,Royal_Never_Give_Up,CTBC_Flying_Oyster,Royal_Never_Give_Up,1
12,2022-10-10,Main,12.18,Cloud9,T1,T1,0
12,2022-10-11,Main,12.18,GAM_Esports,DRX,DRX,0
12,2022-10-11,Main,12.18,Gen_2e-G,CTBC_Flying_Oyster,Gen_2e-G,1
12,2022-10-11,Main,12.18,100_Thieves,Royal_Never_Give_Up,Royal_Never_Give_Up,0
12,2022-10-13,Main,12.18,EDward_Gaming,T1,T1,0
12,2022-10-13,Main,12.18,T1,Cloud9,T1,1
12,2022-10-13,Main,12.18,Fnatic,EDward_Gaming,EDward_Gaming,0
12,2022-10-13,Main,12.18,Cloud9,EDward_Gaming,EDward_Gaming,0
12,2022-10-13,Main,12.18,T1,Fnatic,T1,1
12,2022-10-13,Main,12.18,Fnatic,Cloud9,Cloud9,0
12,2022-10-14,Main,12.18,Evil_Geniuses_2e-NA,DWG_KIA,DWG_KIA,0
12,2022-10-14,Main,12.18,G2_Esports,JD_Gaming,JD_Gaming,0
12,2022-10-14,Main,12.18,DWG_KIA,G2_Esports,DWG_KIA,1
12,2022-10-14,Main,12.18,Evil_Geniuses_2e-NA,JD_Gaming,JD_Gaming,0
12,2022-10-14,Main,12.18,G2_Esports,Evil_Geniuses_2e-NA,Evil_Geniuses_2e-NA,0
12,2022-10-15,Main,12.18,Top_Esports,Rogue__28-European_Team_29-,Top_Esports,1
12,2022-10-15,Main,12.18,DRX,GAM_Esports,DRX,1
12,2022-10-15,Main,12.18,DRX,Rogue__28-European_Team_29-,DRX,1
12,2022-10-15,Main,12.18,GAM_Esports,Top_Esports,GAM_Esports,1
12,2022-10-15,Main,12.18,Rogue__28-European_Team_29-,GAM_Esports,Rogue__28-European_Team_29-,1
12,2022-10-15,Main,12.18,JD_Gaming,DWG_KIA,JD_Gaming,1
12,2022-10-15,Main,12.18,JD_Gaming,DWG_KIA,DWG_KIA,0
12,2022-10-16,Main,12.18,CTBC_Flying_Oyster,Royal_Never_Give_Up,Royal_Never_Give_Up,0
12,2022-10-16,Main,12.18,Gen_2e-G,100_Thieves,Gen_2e-G,1
12,2022-10-16,Main,12.18,Royal_Never_Give_Up,100_Thieves,Royal_Never_Give_Up,1
12,2022-10-16,Main,12.18,CTBC_Flying_Oyster,Gen_2e-G,Gen_2e-G,0
12,2022-10-16,Main,12.18,100_Thieves,CTBC_Flying_Oyster,100_Thieves,1
12,2022-10-16,Main,12.18,DRX,Rogue__28-European_Team_29-,DRX,1
12,2022-10-16,Main,12.18,Top_Esports,DRX,Top_Esports,1
12,2022-10-17,Main,12.18,Gen_2e-G,Royal_Never_Give_Up,Gen_2e-G,1
12,2022-10-17,Main,12.18,Royal_Never_Give_Up,Gen_2e-G,Gen_2e-G,0
12,2022-10-20,Main,12.18,Rogue__28-European_Team_29-,JD_Gaming,JD_Gaming,0
12,2022-10-20,Main,12.18,Rogue__28-European_Team_29-,JD_Gaming,JD_Gaming,0
12,2022-10-20,Main,12.18,JD_Gaming,Rogue__28-European_Team_29-,JD_Gaming,1
12,2022-10-21,Main,12.18,Royal_Never_Give_Up,T1,T1,0
12,2022-10-21,Main,12.18,Royal_Never_Give_Up,T1,T1,0
12,2022-10-21,Main,12.18,T1,Royal_Never_Give_Up,T1,1
12,2022-10-22,Main,12.18,DWG_KIA,Gen_2e-G,DWG_KIA,1
12,2022-10-22,Main,12.18,DWG_KIA,Gen_2e-G,Gen_2e-G,0
12,2022-10-22,Main,12.18,Gen_2e-G,DWG_KIA,Gen_2e-G,1
12,2022-10-23,Main,12.18,DRX,EDward_Gaming,DRX,1
12,2022-10-23,Main,12.18,DRX,EDward_Gaming,EDward_Gaming,0
12,2022-10-23,Main,12.18,DRX,EDward_Gaming,EDward_Gaming,0
12,2022-10-23,Main,12.18,Gen_2e-G,DWG_KIA,Gen_2e-G,1
12,2022-10-23,Main,12.18,Gen_2e-G,DWG_KIA,DWG_KIA,0
12,2022-10-24,Main,12.18,EDward_Gaming,DRX,DRX,0
12,2022-10-24,Main,12.18,EDward_Gaming,DRX,DRX,0
12,2022-10-29,Main,12.18,JD_Gaming,T1,T1,0
12,2022-10-29,Main,12.18,T1,JD_Gaming,T1,1
12,2022-10-29,Main,12.18,T1,JD_Gaming,JD_Gaming,0
12,2022-10-30,Main,12.18,Gen_2e-G,DRX,DRX,0
12,2022-10-30,Main,12.18,DRX,Gen_2e-G,DRX,1
12,2022-10-30,Main,12.18,Gen_2e-G,DRX,Gen_2e-G,1
12,2022-10-30,Main,12.18,JD_Gaming,T1,T1,0
12,2022-10-31,Main,12.18,Gen_2e-G,DRX,DRX,0
12,2022-11-06,Main,12.18,T1,DRX,DRX,0
12,2022-11-06,Main,12.18,DRX,T1,DRX,1
12,2022-11-06,Main,12.18,T1,DRX,T1,1
12,2022-11-06,Main,12.18,DRX,T1,DRX,1
12,2022-11-06,Main,12.18,T1,DRX,T1,1
