elo_diff,winrate_last_5_diff,winrate_last_10_diff,winrate_last_20_diff,matches_played_diff,days_since_last_match_diff,head_to_head_winrate_diff,blue_side_team_winrate,red_side_team_winrate
0.0,0.0,0.0,0.0,0,0,0.0,0.5,0.5
0.0,0.0,0.0,0.0,0,0,0.0,0.5,0.5
0.0,0.0,0.0,0.0,0,0,0.0,1.0,0.5
0.0,0.0,0.0,0.0,0,0,0.0,0.5,0.0
64.0,1.0,1.0,1.0,0,0,0.0,1.0,0.0
0.0,0.0,0.0,0.0,0,0,0.0,1.0,0.0
0.0,0.0,0.0,0.0,0,0,0.0,0.5,0.5
0.0,0.0,0.0,0.0,0,0,0.0,0.5,0.5
32.0,1.0,1.0,1.0,0,0,0.0,1.0,0.0
32.0,1.0,1.0,1.0,0,0,0.0,1.0,0.0
0.0,0.0,0.0,0.0,0,0,0.0,0.5,0.0
0.0,0.0,0.0,0.0,0,0,0.0,1.0,0.5
-61.06099694204886,-0.6666666666666667,-0.6666666666666667,-0.6666666666666667,0,0,-0.5,1.0,1.0
23.494267267221858,0.25,0.25,0.25,0,0,0.0,1.0,0.0
-1.4449175531026413,0.0,0.0,0.0,0,0,0.0,0.6666666666666666,0.5
33.311836495608986,0.25,0.25,0.25,0,0,0.5,0.6666666666666666,0.5
-62.25307012291114,-0.4,-0.4,-0.4,0,0,-0.5,0.5,1.0
-32.0,-0.3333333333333333,-0.3333333333333333,-0.3333333333333333,0,0,-0.5,0.5,0.5
-9.197327257420511,-0.15,-0.15,-0.15,1,0,0.0,1.0,0.6666666666666666
-23.649580068644354,-0.2,-0.0666666666666666,-0.0666666666666666,-1,0,-0.5,1.0,0.3333333333333333
56.628504658462816,0.35,0.4166666666666666,0.4166666666666666,2,0,0.0,0.75,0.0
-13.156183000826786,-0.4,0.0,0.0,0,0,0.5,0.8,0.5
43.94503259048997,0.4,0.125,0.125,0,0,0.0,1.0,0.5
40.61353951044907,0.1999999999999999,0.1666666666666666,0.1666666666666666,3,-1,0.1666666666666666,0.6666666666666666,0.0
23.286905659761032,0.3999999999999999,0.1714285714285714,0.1714285714285714,-2,1,0.0,0.6666666666666666,0.0
10.854691628549972,0.0,0.0,0.0,2,0,0.5,0.6,0.5
-6.219157634479643,0.2,-0.0333333333333333,-0.0333333333333333,-1,0,-0.1666666666666666,0.75,0.6666666666666666
-26.35358678102625,-0.2,-0.0999999999999999,-0.0636363636363636,1,0,0.0,0.7142857142857143,0.6
0.0,0.0,0.0,0.0,0,0,0.0,0.5,0.5
0.0,0.0,0.0,0.0,0,0,0.0,0.5,0.5
0.0,0.0,0.0,0.0,0,0,0.0,0.5,0.5
0.8055307479385192,0.0999999999999999,0.0,0.0,-6,-474,0.0,0.5,0.5
0.7684347525648718,-0.4,-0.4285714285714285,-0.4285714285714285,-6,0,0.0,0.5,0.4
-47.99829167504754,-1.0,-1.0,-1.0,1,0,0.0,0.0,0.5
16.733047082143685,0.6,0.5,0.5,-7,0,0.0,1.0,0.5
-1.4635532998963754,0.0,0.0,0.0,0,0,0.0,1.0,0.5
-25.882848049548784,-0.4,-0.4444444444444444,-0.4444444444444444,6,472,0.0,0.6666666666666666,1.0
16.0,0.5,0.5,0.5,1,2,0.0,1.0,0.5
17.47261358704418,0.5,0.5,0.5,-1,0,0.5,0.5,0.5
15.162611231319032,0.1666666666666666,0.1666666666666666,0.1666666666666666,3,2,0.0,1.0,0.5
18.23303094707876,0.5,0.5,0.5,-3,0,0.5,0.5,0.0
-0.0676591404801456,-0.3333333333333333,-0.3333333333333333,-0.3333333333333333,-2,1,0.0,0.0,0.0
-15.996884181473888,0.0,0.0,0.0,1,-1,0.0,0.0,0.0
-16.736163608592506,-0.5,-0.5,-0.5,1,-1,0.0,0.5,1.0
31.16532344203597,0.5,0.5,0.5,-2,0,0.0,0.5,0.5
55.50334991308614,0.4,0.5,0.5,-6,0,0.5,1.0,0.3333333333333333
-13.798487611099064,-0.1666666666666666,-0.1666666666666666,-0.1666666666666666,-3,-3,0.0,0.5,1.0
44.52826770511956,0.75,0.75,0.75,3,0,0.5,0.0,0.5
-62.9856772142864,-0.4,-0.4,-0.4,0,-1,0.0,0.0,1.0
89.24720975882224,0.6,0.5,0.5,0,0,0.5,1.0,1.0
-113.20338660194852,-0.8,-0.5714285714285714,-0.5714285714285714,0,0,-0.5,0.0,1.0
4.376754278507406,-0.0999999999999999,0.0,0.0,6,-4,0.0,0.25,1.0
-0.0734119046446721,0.0,0.0,0.0,0,0,0.0,1.0,1.0
32.066650418454174,0.3333333333333333,0.3333333333333333,0.3333333333333333,0,0,0.5,1.0,1.0
-61.12156051940565,-0.5,-0.5,-0.5,0,0,-0.5,0.5,1.0
34.51187768591922,0.0,0.0749999999999999,0.0749999999999999,3,0,0.0,1.0,0.6666666666666666
0.6563701160491746,0.2,0.0555555555555555,0.0555555555555555,-3,0,0.5,1.0,0.75
-32.59591626618135,-0.4,-0.1571428571428571,-0.1571428571428571,3,0,-0.5,0.8,0.75
61.60249889571492,0.6000000000000001,0.275,0.2386363636363636,-3,0,0.5,1.0,0.6
0.0,0.0,0.0,0.0,0,0,0.0,0.5,0.5
0.0,0.0,0.0,0.0,0,0,0.0,0.5,0.5
-24.32474388801802,-0.6,-0.6,-0.5454545454545454,10,344,0.0,0.5714285714285714,0.5
-32.0,-1.0,-1.0,-1.0,0,0,0.0,0.5,0.5
7.206374746328038,-0.4,-0.3,-0.4166666666666667,-11,0,0.0,0.5,0.25
0.0,0.0,0.0,0.0,0,0,0.0,0.5,0.5
-81.12567202322657,-0.3,-0.3,-0.2272727272727273,-11,-820,0.0,0.5,0.6666666666666666
-16.0,-0.5,-0.5,-0.5,1,1,0.0,0.5,0.5
28.330472996443405,1.0,1.0,1.0,0,0,0.0,1.0,0.5
-110.19245181319206,-0.8,-0.9,-0.75,-11,0,0.0,0.5,0.7142857142857143
41.84694909915697,-0.4,-0.1999999999999999,-0.3076923076923077,11,0,0.0,0.8,0.5
-31.20336212343432,-0.5,-0.5,-0.5,0,0,0.0,0.0,0.0
-85.89100170497613,-0.3,-0.3,-0.2142857142857143,-12,1,0.0,1.0,0.625
2.125479379938497,0.0,0.0,0.0,0,0,0.0,1.0,0.0
-30.20865098831723,-0.3333333333333333,-0.3333333333333333,-0.3333333333333333,0,0,0.0,0.0,0.0
8.344058036974502,0.0999999999999999,0.0999999999999999,0.0384615384615384,-11,0,0.0,1.0,0.4
-63.21344909663912,-1.0,-1.0,-1.0,0,0,0.0,0.0,1.0
-21.02087076571297,-0.3,-0.0999999999999999,-0.0714285714285714,12,-3,0.0,0.5,0.0
62.53775105483328,0.6666666666666666,0.6666666666666666,0.6666666666666666,0,0,0.0,1.0,0.0
-62.43861527624063,-0.6666666666666667,-0.6666666666666667,-0.6666666666666667,0,0,0.0,1.0,1.0
58.85158298033707,0.5,0.5,0.5,0,0,0.5,0.5,0.0
95.52512513742772,0.3,0.3,0.2333333333333332,11,0,0.5,0.8333333333333334,0.5
-102.23727632385884,-0.75,-0.75,-0.75,1,-3,-0.5,0.0,0.5
94.4999538259226,0.2,0.2,0.15,11,0,-0.5,0.8571428571428571,0.5
-52.62019178132255,-0.4,-0.4,-0.4,0,0,-0.5,0.5,0.6666666666666666
90.86826812044568,0.6,0.5,0.5,0,0,0.5,0.6666666666666666,0.0
21.525478539224423,0.0,0.1666666666666666,0.1666666666666666,0,0,0.5,1.0,0.3333333333333333
215.06609214420385,0.8,0.8,0.7647058823529411,10,1,0.5,0.875,0.0
-32.63328287598051,-0.1999999999999999,-0.1428571428571428,-0.1428571428571428,0,0,-0.5,0.6666666666666666,0.3333333333333333
-88.66218122000419,-0.4,-0.0857142857142857,-0.0634920634920634,-11,0,-0.5,1.0,0.6666666666666666
62.68090737178295,0.6,0.5,0.5333333333333333,-11,0,0.5,1.0,0.3333333333333333
-27.011644003967376,-0.25,-0.25,-0.25,0,0,-0.5,0.0,0.0
-48.90390974007551,-0.35,-0.35,-0.3125,12,-3,-0.5,0.5555555555555556,0.0
143.66349177695338,1.0,1.0,1.0,0,0,0.5,1.0,0.0
-60.831657642045,-0.4,-0.4,-0.4,0,0,-0.5,0.5,0.5
-22.81317250752204,0.0,-0.1666666666666666,-0.1666666666666666,0,0,-0.5,1.0,1.0
7.592765286836538,0.2,0.0,0.0,0,0,0.0,0.75,0.5
50.66822855078567,0.4,0.4,0.4117647058823529,11,0,0.5,0.5,0.0
93.04950835695875,0.6000000000000001,0.5238095238095237,0.5238095238095237,1,-1,0.5,1.0,0.3333333333333333
-139.05643492310105,-0.8,-0.7142857142857142,-0.7142857142857142,0,0,-0.5,0.0,0.6666666666666666
8.873119157091423,0.0,-0.0142857142857142,-0.1031746031746032,-11,0,-0.5,0.3333333333333333,0.2857142857142857
27.592538337054748,0.0,0.0666666666666666,0.0666666666666666,4,-352,0.0,0.75,0.6666666666666666
141.4077145203903,0.5,0.4,0.2894736842105263,19,3,0.0,0.8888888888888888,0.5
-161.05808397047463,-1.0,-0.9,-0.8,-19,0,-0.5,0.5,0.7
115.20262043999604,0.3,0.3,0.3,19,0,0.0,0.9,0.0
57.05650113981005,0.1999999999999999,0.1999999999999999,0.1999999999999999,4,0,0.5,0.8,0.5
-19.84814030183702,0.0,-0.0285714285714285,-0.0649350649350649,-4,0,0.0,0.5,0.6
74.80417995923858,0.3,0.375,0.375,8,4,0.0,1.0,0.5
-36.01898198670756,0.4,0.2222222222222222,0.2222222222222222,-8,0,0.5,0.5,0.75
84.1922349234926,0.5,0.375,0.375,8,4,0.0,1.0,0.5
-108.58614372533316,-1.0,-0.8888888888888888,-0.8888888888888888,-8,0,-0.5,0.5,0.75
-102.14071689487196,0.1999999999999999,0.1999999999999999,0.15,-20,-2,0.0,1.0,0.6363636363636364
60.99517722875567,-0.4,-0.1999999999999999,-0.1999999999999999,20,0,-0.5,0.9090909090909092,1.0
-87.43432651120725,0.15,-0.05,-0.05,-20,0,0.0,1.0,0.5833333333333334
47.54712964435089,-0.4,-0.1,-0.05,20,0,-0.1666666666666666,0.9166666666666666,0.5
69.2641407027254,0.1999999999999999,0.275,0.275,2,-1,0.0,1.0,0.6
-94.9678697829745,-0.4,-0.4444444444444444,-0.3535353535353535,-2,0,-0.5,0.6666666666666666,0.8
118.43252567449645,0.6,0.5,0.4166666666666666,2,0,0.5,1.0,0.5
-75.92822441525504,-0.2,-0.4,-0.3006993006993007,-2,0,-0.1666666666666666,0.5,0.8333333333333334
101.04422086766816,0.4,0.4,0.3571428571428571,2,0,0.25,0.8571428571428571,0.5714285714285714
20.390723307592907,-0.2,-0.0333333333333333,-0.0333333333333333,9,0,0.0,0.75,0.6666666666666666
50.51482159283705,0.0,0.0857142857142857,0.0982142857142857,9,0,0.5,0.7777777777777778,0.5
-77.89474375308782,-0.1999999999999999,-0.175,-0.1985294117647058,-9,0,-0.5,1.0,0.8571428571428571
107.63345317272888,0.2,0.3555555555555555,0.1871345029239766,-10,-13,0.0,0.75,0.25
19.98201787925518,0.0999999999999999,0.0555555555555555,0.0555555555555555,9,362,0.0,0.6,0.5
20.429462427817725,0.1999999999999999,0.1777777777777778,0.1777777777777778,-1,704,0.0,0.75,0.4
15.080807327129378,0.5,0.5,0.5,-1,-1,0.0,0.5,0.0
-31.6959927372252,0.0,0.2,0.35,17,-714,0.0,0.4545454545454545,0.0
-35.06282520638456,-0.3,-0.0999999999999999,-0.0999999999999999,-10,-1,0.0,0.5,0.5
-16.004010383857803,-0.5,-0.5,-0.5,-1,0,0.0,0.0,0.5
-116.0595792297488,-0.3999999999999999,-0.3999999999999999,-0.35,11,0,0.0,0.5,0.8
-66.14764291737174,-0.8,-0.7,-0.6363636363636364,-10,0,0.0,0.0,0.6
132.7248184185191,0.4,0.6,0.6363636363636364,7,0,0.0,0.8,0.0
32.02986395210314,0.5,0.5,0.5,0,0,0.0,0.5,0.5
108.28912719262144,0.4,0.6,0.6363636363636364,6,0,0.0,0.6,0.0
-130.6262235037252,-0.4,-0.6,-0.6666666666666666,-6,0,-0.5,0.0,0.6666666666666666
-61.08813354592735,-0.6666666666666666,-0.6666666666666666,-0.6666666666666666,0,0,-0.5,0.0,0.5
63.17199197975242,-0.2,0.0999999999999999,0.2653846153846154,-9,-1,-0.5,0.6666666666666666,0.2222222222222222
-77.56688787757844,-0.4666666666666667,-0.3666666666666666,-0.3333333333333333,-9,0,-0.5,0.5,0.6666666666666666
-142.48355885798014,-0.3999999999999999,-0.4571428571428571,-0.5238095238095237,-5,-1,-0.5,0.3333333333333333,0.5
132.35843896279812,0.8,0.8,0.6923076923076923,9,0,0.5,0.6666666666666666,0.0
57.69963071462735,0.5,0.5,0.5,0,0,0.5,0.6666666666666666,0.3333333333333333
41.65583383613375,0.1999999999999999,0.0,-0.0857142857142857,9,1,0.5,0.7142857142857143,1.0
-52.62028778013132,-0.3999999999999999,-0.275,-0.275,-15,0,-0.5,0.25,0.3
-70.34280480977009,-0.6000000000000001,-0.4666666666666666,-0.4666666666666666,-1,0,-0.5,0.0,0.5
84.01249297791855,0.6000000000000001,0.1999999999999999,0.1208791208791209,-1,0,0.5,0.8333333333333334,0.5714285714285714
45.83158187910863,0.4,0.3333333333333333,0.3333333333333333,1,-1,0.5,0.5,0.0
-140.0390698010517,-0.4,-0.2999999999999999,-0.3142857142857143,10,0,-0.5,0.5384615384615384,0.5714285714285714
2.2215802958248787,-0.1666666666666666,-0.1666666666666666,-0.1666666666666666,3,368,0.0,1.0,0.5
93.71328210674255,-0.0999999999999999,0.0999999999999999,0.1999999999999999,26,363,0.0,0.8461538461538461,0.5
18.119274136679,0.0,0.0,0.0,4,1,0.0,1.0,0.5
-37.75876262954512,0.0999999999999999,-0.1999999999999999,-0.1999999999999999,-10,-366,0.0,0.5,0.6
15.897693840854116,0.5,0.5,0.5,-1,-1,0.0,0.5,0.0
0.187234058312697,0.8,0.4,0.3636363636363636,-10,0,0.0,0.5,0.5
-18.473291059724488,0.0,0.0,0.0,-1,0,0.0,1.0,1.0
15.99975625726438,0.0,0.0,0.0,-1,0,0.0,0.5,0.0
-69.46398352507936,0.0,0.0,-0.0666666666666666,-15,0,0.0,0.8,0.5384615384615384
-18.017211720268733,0.4,0.4,0.4,-4,0,0.0,1.0,0.0
-19.760378443179437,0.8,0.6,0.4,-26,0,0.0,1.0,0.5
32.000002798356945,0.5,0.5,0.5,0,0,0.0,1.0,0.0
-61.060999484841886,-0.6666666666666667,-0.6666666666666667,-0.6666666666666667,0,0,-0.5,1.0,0.5
3.701338346528928,-0.4666666666666666,-0.1666666666666666,-0.0512820512820512,10,0,-0.5,0.8333333333333334,0.5
-74.27430126284344,-0.75,-0.75,-0.75,-1,1,-0.5,0.5,0.0
-50.07791967554567,0.4666666666666666,0.2666666666666666,0.0166666666666666,-26,0,0.5,1.0,0.5333333333333333
-12.106387327264656,-0.0999999999999999,0.0,0.0,-2,-1,-0.5,1.0,0.0
76.12111367180933,0.2,0.0,0.0785714285714286,16,0,-0.5,0.7857142857142857,0.4285714285714285
40.575889710752335,0.4,0.3714285714285715,0.3714285714285715,-2,0,0.5,1.0,0.0
20.82660920271246,-0.0999999999999999,-0.0999999999999999,0.0999999999999999,11,0,-0.5,0.7142857142857143,0.5
-68.85561062268584,-0.4,-0.4583333333333333,-0.4583333333333333,2,0,-0.5,1.0,0.5
28.031086503836605,-0.35,-0.35,-0.15,27,0,0.5,0.7333333333333333,1.0
-79.96803913505596,-0.6,-0.6,-0.6,-1,0,-0.5,0.0,0.0
-62.34582321346352,-0.4,-0.4,-0.4,0,0,-0.5,0.5,1.0
-44.33104199089462,-0.2,-0.2444444444444444,-0.2444444444444444,-4,0,-0.5,0.5,0.0
-115.53508783148844,-0.1999999999999999,-0.5,-0.2833333333333332,10,0,0.0,0.5714285714285714,0.7142857142857143
137.26954280808468,0.4,0.5,0.35,-10,0,0.5,0.75,0.2727272727272727
-93.24576787659088,-0.2,-0.3,-0.2558823529411765,10,0,0.0,0.5333333333333333,0.75
116.85794468825134,0.4,0.3,0.3222222222222222,-10,0,0.1666666666666666,0.6666666666666666,0.3333333333333333
-47.24980803491735,-0.4,-0.3333333333333333,-0.3333333333333333,4,0,0.0,1.0,1.0
74.92457197619751,0.4,0.3571428571428571,0.4025974025974025,-4,0,0.5,0.6666666666666666,0.1666666666666666
-100.12878480580504,-0.6,-0.475,-0.4583333333333333,4,0,-0.5,0.8,1.0
123.1536952416509,0.6,0.4888888888888888,0.5042735042735043,-4,0,0.5,0.75,0.1428571428571428
69.2951220514542,0.2,0.0285714285714285,0.0952380952380952,8,0,0.0,0.8571428571428571,0.3333333333333333
-94.9961081617862,-0.4,-0.0999999999999999,-0.1875,-8,0,-0.5,0.75,0.5
54.45834829144314,0.1999999999999999,0.0444444444444444,0.0915032679738562,8,0,0.0,0.875,0.25
-17.48322639338585,0.0,0.0,-0.0111111111111111,-8,0,0.1666666666666666,0.8,0.4444444444444444
47.87431951926874,0.0,0.0999999999999999,0.0861244019138756,8,0,0.0,0.7777777777777778,0.4
-6.02936121379571,0.0,0.3142857142857143,0.0892857142857143,-9,0,0.0,1.0,0.5
37.474092263808416,0.4,-0.125,0.0220588235294117,9,0,0.5,0.75,0.3333333333333333
-66.03592323226803,-0.4,0.0555555555555555,-0.111111111111111,-9,0,-0.5,0.8,0.5555555555555556
-28.062522632643777,0.0,-0.0999999999999999,0.0631578947368421,-9,-1,0.0,0.6,0.7777777777777778
57.4834747949144,0.2,0.2,0.0227272727272727,9,0,0.5,0.7,1.0
-84.23683769236959,-0.4,-0.3,-0.1333333333333334,-9,0,-0.5,0.5,0.8
-1.948221058756644,-0.4,0.0999999999999999,-0.0342105263157894,1,1,0.5,0.8,0.6
-30.231214851272853,0.2,-0.0999999999999999,0.0,-1,0,-0.5,0.7777777777777778,0.5
-4.546177107976746,-0.2,-0.0999999999999999,-0.05,1,0,0.25,0.8181818181818182,0.5454545454545454
-27.8725173821349,-0.2,0.0999999999999999,0.0,-1,0,-0.3,0.8,0.4545454545454545
57.31085676559269,0.4,0.0,0.0999999999999999,1,0,0.3333333333333333,0.8333333333333334,0.5
57.38174026336651,0.4,0.3,0.2,-3,1,0.0,0.7272727272727273,0.5
-84.14422180773386,-0.6,-0.4,-0.2999999999999999,3,0,-0.5,0.7692307692307693,0.8181818181818182
44.54230307988496,0.2,0.2,0.2,-3,0,0.0,0.75,0.4615384615384615
-72.46213481420159,-0.4,-0.2,-0.25,3,0,-0.1666666666666666,0.7857142857142857,0.75
0.0,0.0,0.0,0.0,0,0,0.0,0.5,0.5
-15.963057035029578,-0.3,-0.0555555555555555,-0.0555555555555555,9,1093,0.0,0.5,0.5
7.071860321517306,-0.0999999999999999,0.0,0.0,12,362,0.0,0.6666666666666666,0.5
144.13273668285183,0.3,0.3,0.3333333333333333,18,727,0.0,0.8,0.5
10.23126981600035,0.0,-0.0285714285714285,0.0,7,-13,0.0,0.6666666666666666,0.25
63.1007514947446,0.0,-0.1,0.15,27,-723,0.0,0.6875,0.0
16.771552066706818,0.4,0.5,0.5,9,0,0.0,0.6666666666666666,0.5
-32.7346091017364,-1.0,-1.0,-1.0,0,0,0.0,0.5,1.0
-32.4649420021683,-0.6,-0.5,-0.5384615384615384,-12,0,0.0,0.5,0.3333333333333333
-169.52581836350282,-0.8,-0.8,-0.8421052631578947,-18,0,0.0,0.5,0.875
0.0,0.0,0.0,0.0,0,0,0.0,0.5,0.5
27.805220942326287,0.0999999999999999,0.0,0.15,-29,-365,0.0,0.5,0.3076923076923077
-82.93798113674188,-0.1999999999999999,-0.025,-0.2249999999999999,-25,0,0.0,0.6666666666666666,0.5625
-47.70325295470843,-0.2,-0.0666666666666667,-0.1333333333333333,-9,0,0.0,0.6666666666666666,0.25
58.527469937265096,0.8,0.5,0.65,-29,0,0.0,0.5,0.2857142857142857
-30.72224899493881,-1.0,-1.0,-1.0,0,0,0.0,0.0,0.5
0.2051866156434698,0.0,0.0,0.0,0,0,0.0,0.0,0.0
-125.3547312782191,-0.4,-0.3,-0.2785714285714286,-6,0,0.0,0.7142857142857143,0.8888888888888888
-31.99667134679862,-0.5,-0.5,-0.5,0,0,0.0,0.0,0.0
-17.502832515241835,-0.0999999999999999,0.0,-0.0454545454545454,-9,0,0.0,0.5,0.4285714285714285
-8.083386822719376,0.1999999999999999,0.2,-0.05,-18,0,-0.1666666666666666,0.7142857142857143,0.5294117647058824
-39.9794325903747,-0.6,-0.1587301587301587,-0.1587301587301587,-2,0,0.0,0.5,0.2
-0.0188061315827781,0.0,0.0,0.0,0,0,0.0,1.0,1.0
-25.268525063786683,0.2,0.4,0.35,29,0,0.0,0.5,0.5
-12.953330185538787,-0.2666666666666666,-0.1666666666666666,-0.1666666666666666,-9,0,-0.5,0.5,0.375
32.003233481668985,0.3333333333333333,0.3333333333333333,0.3333333333333333,0,0,-0.5,1.0,0.0
18.17053794265098,0.0999999999999999,0.0999999999999999,0.0384615384615384,-9,0,-0.5,1.0,0.3333333333333333
-5.004690079899547,0.0,0.0,0.0,0,0,0.5,0.5,0.0
29.3258112453193,0.1999999999999999,0.1999999999999999,0.1999999999999999,0,0,-0.5,1.0,0.0
-46.62890951078293,-0.1999999999999999,-0.3,-0.1714285714285714,9,0,-0.5,0.75,0.5
213.4992564855154,1.0,0.8,0.9,18,0,0.5,0.8181818181818182,0.0
35.02762674654741,0.0666666666666667,0.0666666666666667,0.2,12,0,0.5,0.625,0.0
-202.948734553368,-0.75,-0.55,-0.65,-18,0,-0.5,0.5,0.9
-88.8496812786841,-0.6,-0.5,-0.5625,-12,0,-0.5,0.0,0.4285714285714285
-29.44318645018643,-0.2,-0.2,-0.2,0,0,-0.5,0.0,0.0
134.73053080281352,0.1999999999999999,0.3,0.3117647058823529,6,0,0.5,0.8333333333333334,0.5
-9.054697349341268,-0.2,-0.4,-0.4,-29,0,-0.5,0.0,0.2666666666666666
32.017074022854786,0.3333333333333333,0.3333333333333333,0.3333333333333333,0,0,0.5,1.0,1.0
59.192357606933456,0.5,0.5,0.5,0,0,0.5,0.5,0.0
-85.89492828179073,-0.55,-0.45,-0.4,29,0,-0.5,0.5294117647058824,1.0
55.539067449894446,0.4,0.4,0.4,0,0,0.5,0.5,0.5
-76.3946614476663,-0.3999999999999999,-0.3,-0.25,29,0,-0.5,0.5,1.0
69.56281485334557,0.2,0.1999999999999999,0.1294117647058823,7,0,0.5,0.75,0.1666666666666666
25.74047335593445,-0.3999999999999999,-0.2,0.0454545454545454,24,7,-0.5,0.7058823529411765,0.2857142857142857
54.714817150342014,0.6000000000000001,0.2249999999999999,0.125,10,-7,0.5,0.6666666666666666,0.0
-45.532872532874535,0.0,0.0444444444444444,-0.0555555555555555,-27,0,-0.5,0.6,0.5
-27.557790992948867,-0.1999999999999999,-0.0999999999999999,-0.057017543859649,-7,0,0.0,0.75,0.3333333333333333
58.99771028857936,0.1999999999999999,0.0999999999999999,0.0499999999999999,17,0,0.0,0.7222222222222222,0.3
21.340341208160908,0.1999999999999999,0.0999999999999999,0.0615384615384615,3,0,-0.5,0.8,0.25
-8.88895017971845,-0.2,0.0,0.0,0,-2,0.0,0.3333333333333333,0.3333333333333333
-23.92957380291591,0.0,-0.1428571428571429,-0.1428571428571429,0,0,-0.5,1.0,1.0
-10.27094293043001,-0.4,0.0,0.0,0,0,0.0,0.5,0.25
-22.67477039610003,0.0,-0.111111111111111,-0.111111111111111,0,0,-0.1666666666666666,1.0,0.75
182.86009831441768,0.4,0.3,0.4,10,2,0.0,0.8461538461538461,0.25
-199.41823581449376,-0.4,-0.4,-0.4333333333333333,-10,0,-0.5,0.8333333333333334,0.9090909090909092
214.8335884886435,0.6,0.5,0.4625,10,0,0.5,0.8571428571428571,0.2222222222222222
22.36108391438233,0.0,0.0,-0.0555555555555555,20,-2,0.0,0.7368421052631579,0.4444444444444444
-52.30439097511021,-0.4,-0.0999999999999999,0.0263157894736841,-20,0,-0.5,0.6666666666666666,0.5263157894736842
79.52304481904207,0.6,0.1999999999999999,0.0,20,0,0.5,0.75,0.4
-28.4406326908902,-0.2,-0.1666666666666667,-0.1666666666666667,0,2,0.0,0.6666666666666666,1.0
-6.173011111589858,-0.2,0.0,0.0,0,0,-0.5,0.6666666666666666,0.6666666666666666
37.60451559642843,0.2,0.125,0.125,0,0,0.5,0.75,0.75
-66.15447328241135,-0.6,-0.2222222222222222,-0.2222222222222222,0,0,-0.5,0.5,0.75
168.74875655582173,0.1999999999999999,0.3,0.2,17,-1,0.0,0.8666666666666667,0.8
-186.32330705507093,-0.4,-0.4,-0.2636363636363636,-17,0,-0.5,0.6,0.9166666666666666
202.63792754594212,0.6,0.5,0.3166666666666666,17,0,0.5,0.875,0.6666666666666666
50.21562976524251,0.1999999999999999,0.0,-0.1499999999999999,31,1,0.0,0.7619047619047619,0.6
-13.622537446907472,0.0,0.0,0.2272727272727273,-31,0,0.5,0.8,0.55
-19.631502060443157,-0.2,-0.2,-0.25,31,0,-0.5,0.7272727272727273,0.6666666666666666
-139.4923105550381,-0.1999999999999999,-0.1999999999999999,-0.1307692307692307,-17,-1,0.0,0.8333333333333334,0.9230769230769232
159.29313874224795,0.4,0.1999999999999999,0.1857142857142857,17,0,0.5,0.8823529411764706,0.7142857142857143
-113.57004731501434,0.0,-0.0999999999999999,-0.1166666666666667,-17,0,0.0,0.7142857142857143,0.9285714285714286
135.46715695306125,0.2,0.2,0.2125,17,0,0.1666666666666666,0.8333333333333334,0.75
46.431245464358426,0.3,0.2,0.0999999999999999,-15,-358,0.0,0.5,0.3
-0.1537259277447447,-0.0999999999999999,0.0,0.0,10,352,0.0,0.8,0.5
273.94100472905507,0.6000000000000001,0.5,0.45,13,-20,0.0,0.8421052631578947,0.2727272727272727
-79.7732450477074,-0.3,-0.3,-0.2,35,357,0.0,0.4736842105263157,0.5
0.0,0.0,0.0,0.0,0,0,0.0,0.5,0.5
-2.1075502113990296,0.3,0.0999999999999999,0.0,-21,-350,0.0,0.5,0.3636363636363636
-7.521694131419736,0.0,-0.0666666666666667,-0.0784313725490196,-11,7,0.0,0.3333333333333333,0.2
98.18940580937236,-0.0999999999999999,0.0999999999999999,0.1470588235294118,17,336,0.0,0.625,0.5
127.90987404897078,0.4,0.6,0.6666666666666666,17,-1,0.0,0.6666666666666666,0.5
-16.710777224760022,0.2,0.4,0.4375,15,1,0.0,0.6,0.0
-21.59301630187701,-0.4,-0.0999999999999999,0.0055555555555555,4,0,0.1666666666666666,0.6,0.2727272727272727
-47.32257236502801,-0.6,-0.7142857142857143,-0.7142857142857143,6,0,0.0,0.25,0.5
28.38953101752122,1.0,1.0,1.0,0,0,0.0,0.5,0.0
-108.16277606522864,-0.8,-0.8,-0.7,35,0,0.0,0.45,0.5
16.063221582707,-0.2,0.025,0.075,15,0,0.5,0.6363636363636364,0.3333333333333333
-7.320752827251226,-0.3,-0.0999999999999999,-0.0789473684210526,17,0,0.0,0.7142857142857143,0.0
31.91120991066464,0.5,0.5,0.5,0,0,0.0,1.0,0.0
40.64109717208521,-0.2,-0.2,-0.35,-35,0,0.0,0.5,0.25
-243.2620903214722,0.1999999999999999,0.0999999999999999,0.05,-34,0,0.0,0.5,0.9333333333333332
9.49810173916785,0.2,0.0999999999999999,0.0545454545454545,-11,0,0.0,0.6666666666666666,0.25
-18.87192986965647,-0.3,0.0,-0.0499999999999999,21,0,0.0,0.6,1.0
298.16739668595005,0.6000000000000001,0.5,0.5333333333333332,24,0,0.0,0.85,0.2
-163.68293642014987,-0.3999999999999999,-0.1999999999999999,-0.2724458204334365,-2,0,-0.5,0.5,0.6666666666666666
32.12374382467533,0.5,0.5,0.5,0,0,0.0,0.5,0.0
38.6720647467464,0.2666666666666666,0.2666666666666666,0.2222222222222222,-15,0,0.5,1.0,0.3636363636363636
-140.13305795920903,-0.4,-0.6,-0.65,-17,0,-0.5,0.0,0.6
35.267875437467865,0.0,0.1666666666666666,0.1166666666666667,11,0,0.5,0.75,0.25
36.6703356723956,0.0666666666666667,0.0666666666666667,0.1166666666666667,21,0,-0.5,0.6666666666666666,0.0
74.60842653508121,-0.15,-0.15,-0.0999999999999999,17,0,0.5,0.7,0.5
154.3493109739261,0.4,0.1999999999999999,0.2789473684210526,3,-1,0.1666666666666666,0.7272727272727273,0.3333333333333333
-72.65904533166167,-0.6,-0.6,-0.6,-1,1,-0.5,0.0,0.3333333333333333
-128.4639635123856,-0.2,-0.0999999999999999,-0.1999999999999999,-17,0,-0.5,1.0,0.6363636363636364
-10.473330018414572,0.2,0.0999999999999999,0.2,15,0,0.5,0.5714285714285714,0.0
-61.19790139724137,-0.6666666666666666,-0.6666666666666666,-0.6666666666666666,0,0,-0.5,0.0,0.5
16.230205762716196,0.0833333333333333,0.0833333333333333,0.0833333333333333,1,-6,0.5,1.0,1.0
8.295628132761522,0.4,0.3,0.4,34,6,0.5,0.4761904761904761,0.0
-71.75366919229168,-0.5,-0.5,-0.5,1,0,-0.5,0.0,0.5
78.95838647596634,0.2,0.4,0.35,-34,0,-0.5,1.0,0.2941176470588235
-43.283718905752266,0.0,-0.0999999999999999,-0.0499999999999999,-15,0,-0.5,0.4,0.3333333333333333
-25.26998334662221,-0.1999999999999999,0.0,0.0,-5,1,-0.25,0.6666666666666666,0.3076923076923077
-40.00468031139826,-0.35,-0.25,-0.2045454545454545,-7,1,-0.5,1.0,0.4
-21.37982813403073,-0.2,-0.2,-0.2,-17,0,-0.5,0.5,0.25
-7.99014512039389,0.0,0.1999999999999999,0.0,-15,0,-0.25,0.5,0.3571428571428571
245.66198738105595,0.4666666666666667,0.4666666666666667,0.5666666666666667,34,0,0.5,0.8095238095238095,0.5
13.119496355531965,0.2,0.0,-0.0115384615384615,11,0,0.5,0.6363636363636364,0.3333333333333333
-253.6599438279418,-0.4,-0.4,-0.5,-13,0,-0.5,0.5833333333333334,0.9375
-24.60752344644948,-0.15,-0.25,-0.25,-10,0,0.5,0.0,0.4285714285714285
25.38892910895106,-0.1999999999999999,0.0,-0.0499999999999999,-35,0,0.5,0.5,0.2777777777777778
-256.7330450070121,-0.4,-0.4,-0.4333333333333333,-24,0,0.5,0.5714285714285714,0.9411764705882352
18.642137566250085,0.0,0.1,0.0,-21,0,-0.5,0.5,0.3076923076923077
-51.64357026622997,-0.2,-0.5333333333333334,-0.3833333333333333,21,-2,0.0,0.5384615384615384,0.6666666666666666
78.92174597732287,0.6,0.5571428571428572,0.4071428571428571,-21,0,0.5,1.0,0.3571428571428571
-266.74967442448315,-0.4,-0.3,-0.4,-34,1,0.0,0.6666666666666666,0.9444444444444444
278.0895372270006,0.6000000000000001,0.3714285714285715,0.4714285714285715,34,0,0.5,0.8181818181818182,0.3333333333333333
103.77528157278924,0.8,0.575,0.475,-21,0,0.5,1.0,0.3333333333333333
94.20758441826364,0.0,0.1999999999999999,0.1999999999999999,-4,1,0.0,0.75,0.3333333333333333
-53.73732116874635,0.0,0.0,-0.15,4,0,0.5,0.6923076923076923,0.5833333333333334
80.8270239246508,0.1999999999999999,0.0999999999999999,0.2,-4,0,0.0,0.6923076923076923,0.375
-224.83309877909005,-0.4,-0.3,-0.35,-34,0,0.0,0.5,0.9473684210526316
238.60176726798773,0.4,0.3555555555555556,0.4055555555555555,34,0,0.1666666666666666,0.782608695652174,0.5
15.681314900150484,0.2,0.0285714285714285,-0.0329670329670329,6,-1,0.0,0.5714285714285714,0.25
-46.237992363124704,-0.6,-0.1999999999999999,-0.0714285714285714,-6,0,-0.5,1.0,0.5
74.00428120204151,0.8,0.3555555555555556,0.1555555555555555,6,0,0.5,0.625,0.2
-105.51403473213712,-0.1999999999999999,-0.1999999999999999,-0.2,4,0,-0.1666666666666666,0.6428571428571429,0.6153846153846154
124.8675608128642,0.2,0.1,0.1999999999999999,16,1,0.25,0.7916666666666666,0.6428571428571429
-81.83769111113543,0.2,0.0,-0.15,-16,0,-0.0999999999999999,0.7142857142857143,0.95
-11.333113229451328,0.0,-0.0888888888888888,-0.2638888888888888,7,-2,0.0,0.6666666666666666,0.75
42.28966498335353,0.1999999999999999,0.0999999999999999,0.3117647058823529,-7,0,0.5,1.0,0.5714285714285714
-106.43653642892832,0.2,0.0,-0.15,-16,0,-0.1666666666666666,0.6666666666666666,0.9523809523809524
128.928952669281,0.2,0.2,0.2,16,0,0.2142857142857143,0.76,0.6666666666666666
-149.57079442711256,-0.4,-0.3,-0.25,-16,0,-0.25,0.625,0.9545454545454546
70.41376530519506,0.4,0.2,0.3535353535353535,-7,0,0.5,1.0,0.5
-105.64897067377548,0.4,0.3,0.1666666666666666,-37,-1,0.0,1.0,0.9130434782608696
-128.2075655727806,0.0,0.2,0.0961538461538461,-37,0,-0.5,0.875,0.9166666666666666
148.90752161852947,0.2,-0.1,-0.0357142857142857,37,0,0.5,0.7692307692307693,0.8
-103.97496070635977,0.0,0.1,0.05,-37,0,-0.1666666666666666,0.7777777777777778,0.92
62.67451523085015,-0.1999999999999999,-0.2,-0.1125,37,0,0.0,0.7407407407407407,0.8333333333333334
0.0,0.0,0.0,0.0,0,0,0.0,0.5,0.5
13.123895440216074,0.1666666666666666,0.1666666666666666,0.1666666666666666,-3,-1809,0.0,0.5,0.5
51.53953860674597,0.8,0.7,0.65,-29,-344,0.0,1.0,0.3125
-16.604090432823114,-0.5,-0.5,-0.5,1,1,0.0,0.0,0.5
-1.1833131930013678,0.4,0.4,0.4,30,0,0.0,0.5,0.0
-11.755739985303762,-0.5,-0.5,-0.5,3,0,0.0,0.0,1.0
29.698267961922284,0.5,0.5,0.5,0,0,0.5,0.5,0.0
51.86138573302605,0.6,0.6,0.6,3,0,0.5,0.5,0.5
5.030401098222683,0.0,0.0,0.0,0,0,0.0,0.5,0.5
44.164071451212976,0.5,0.5,0.5,-1,1,0.5,0.5,0.0
34.36009778115954,0.15,0.25,0.2,28,1,0.5,0.5333333333333333,0.0
-20.97881379507635,-0.1333333333333334,0.0,0.0,-3,0,-0.5,1.0,0.6666666666666666
-12.21577897745965,-0.0999999999999999,0.0,0.0,-29,0,-0.5,1.0,0.3529411764705882
0.0,0.0,0.0,0.0,0,0,0.0,0.5,0.5
-56.41106875499122,0.0999999999999999,-0.0999999999999999,0.0499999999999999,-44,-702,0.0,0.5,0.5238095238095238
-16.0,-0.5,-0.5,-0.5,-1,-1,0.0,0.5,1.0
69.83583290840966,-0.0999999999999999,0.1999999999999999,0.0,45,1,0.0,0.6956521739130435,0.5
-0.7363067935220897,0.0,0.0,0.0,0,0,0.0,0.0,0.5
-0.5981995622587419,0.0,0.0,0.0,0,0,0.0,0.0,0.0
-30.561294543125086,-0.5,-0.5,-0.5,0,0,-0.5,0.0,1.0
112.05961357231558,0.4,0.7,0.55,44,0,0.5,0.7083333333333334,0.5
59.75373263519055,0.6666666666666667,0.6666666666666667,0.6666666666666667,0,0,0.5,0.5,1.0
-58.527775432796034,0.0999999999999999,-0.0999999999999999,-0.05,-45,1,-0.5,0.5,0.5454545454545454
59.10105715597865,0.75,0.75,0.75,2,-1,0.5,0.0,0.5
-1.775536963290051,0.0,0.0,0.0,0,0,0.5,0.0,1.0
50.10146580512219,0.5,0.5,0.5,1,0,0.5,0.0,0.0
56.463838588840645,0.0,0.0,0.0,43,0,0.0,0.68,1.0
83.30863263875517,0.2,0.0999999999999999,0.0999999999999999,43,0,0.5,0.6923076923076923,0.6666666666666666
107.77937263853846,0.4,0.1714285714285714,0.1714285714285714,43,0,0.5,0.7037037037037037,0.5
31.09489150335889,0.3,0.0,0.0,30,0,0.0,0.5625,0.5
-60.23856841786278,-0.6,-0.1999999999999999,-0.0999999999999999,-30,0,-0.5,0.5,0.3888888888888889
86.74532501872386,0.8,0.3666666666666666,0.1666666666666666,30,0,0.5,0.5882352941176471,0.3333333333333333
41.17594618424573,0.3,0.2142857142857143,0.2142857142857143,3,2,0.0,0.6666666666666666,1.0
-69.4011578487457,-0.6,-0.35,-0.35,-3,0,-0.5,0.0,0.75
95.09275668484452,0.6,0.4444444444444445,0.4444444444444445,3,0,0.5,0.75,0.6666666666666666
54.79868811647111,0.4,0.4,0.4,0,-2,0.0,0.5,0.3333333333333333
81.7929821274256,0.4,0.5,0.5,0,0,0.5,0.6666666666666666,0.25
-106.395725133611,-0.4,-0.5714285714285714,-0.5714285714285714,0,0,-0.5,0.5,1.0
64.89156853745317,0.1999999999999999,0.375,0.375,0,0,0.1666666666666666,0.75,0.2
6.62387264144536,-0.2,0.0999999999999999,0.0,9,-8,0.3,0.6,0.3076923076923077
161.9567623418036,-0.4,-0.0999999999999999,0.1999999999999999,17,333,0.5,0.75,0.4210526315789473
111.85122753859582,0.3,0.0999999999999999,0.15,51,8,0.0,0.7142857142857143,0.5
0.0,0.0,0.0,0.0,0,0,0.0,0.5,0.5
-191.7077384314828,-0.2,-0.5333333333333333,-0.5980392156862745,-11,23,0.0,0.3333333333333333,0.7142857142857143
-60.98217873087651,-0.4,-0.3777777777777777,-0.3777777777777777,1,349,0.0,0.4,0.75
-259.8124302698077,-0.3999999999999999,-0.2999999999999999,-0.2999999999999999,-22,0,-0.5,0.5625,0.8846153846153846
-53.79217522627005,-0.2,-0.2999999999999999,0.0,-14,0,0.1666666666666666,0.6,0.4
-4.980069530756964,0.0,0.0,0.0,0,0,0.0,1.0,1.0
-106.87115800783886,-0.8,-0.6,-0.65,-51,0,0.0,0.5,0.5652173913043478
87.37109068793893,0.5,0.3,0.3,10,8,0.0,0.8,0.5
53.18338696863043,-0.1999999999999999,-0.1,0.0374999999999999,-25,-1,0.0,0.5,0.2631578947368421
99.17933788399614,0.8,0.5,0.2,5,0,0.0,0.6111111111111112,0.3529411764705882
253.22732358988856,0.1999999999999999,0.2999999999999999,0.1999999999999999,31,0,0.5,0.7586206896551724,0.3571428571428571
133.2771969252351,0.1999999999999999,0.2999999999999999,0.3232323232323232,7,0,0.5,0.8,0.4
-97.79375004539088,-0.3999999999999999,-0.5571428571428572,-0.5571428571428572,-3,0,0.0,0.25,0.6
-18.30121402499276,0.4,0.3,0.4117647058823529,16,0,0.0,0.4444444444444444,0.0
-146.1134983084205,-0.4,-0.5,-0.4181818181818182,31,0,0.0,0.5,0.8
75.83628768776589,0.1999999999999999,0.15,0.25,4,0,0.0,0.5,0.0
-108.38968113648048,-0.1999999999999999,0.0,-0.1004784688995215,-8,0,0.0,0.8,0.75
37.86979972242648,-0.4,-0.4,-0.4,51,0,0.0,0.6896551724137931,0.5
-0.0212887546554156,0.0,0.0,0.0,0,0,0.0,0.5,0.0
27.42383242322262,-0.0999999999999999,0.0,0.0999999999999999,-41,0,0.0,0.5,0.3
122.5902770987193,0.6000000000000001,0.6000000000000001,0.3611111111111111,-6,0,0.0,0.8333333333333334,0.375
-63.61030481172861,-0.0666666666666667,-0.2666666666666666,-0.2666666666666666,-51,0,0.5,0.0,0.5416666666666666
44.69391197113509,-0.2666666666666666,-0.0666666666666666,-0.0166666666666666,52,-4,-0.5,0.6666666666666666,0.5
-43.14841489267815,-0.5,-0.5,-0.5,1,-4,-0.5,1.0,1.0
-103.76922301660808,-0.15,-0.35,-0.4,-52,0,0.0,0.0,0.56
-99.69917829695714,-0.8,-0.8,-0.8,1,0,-0.5,0.0,1.0
97.98155597106212,0.1999999999999999,0.2999999999999999,0.25,52,0,0.0,0.6774193548387096,0.3333333333333333
-26.85997856298832,0.1999999999999999,0.3,0.35,-53,0,0.5,1.0,0.5769230769230769
28.431545197482137,0.4,0.1666666666666666,0.1666666666666666,0,0,0.5,0.5,0.5
-88.17287560812429,0.0,-0.0999999999999999,-0.2115384615384615,-7,0,-0.1666666666666666,0.5714285714285714,0.7777777777777778
58.41487471460755,-0.2,0.2777777777777778,0.3611111111111111,3,0,-0.5,0.6666666666666666,0.0
-81.1860522308823,-0.6000000000000001,-0.1999999999999999,-0.0329670329670329,-1,0,-0.5,0.5714285714285714,0.5
150.49266948428658,0.0,0.2,0.3999999999999999,11,0,0.5,0.7272727272727273,0.2
151.20846936104272,0.6,0.0999999999999999,0.25,8,0,0.5,0.75,0.5
-124.07144303306654,-0.6,-0.3999999999999999,-0.3272727272727272,-4,0,-0.5,0.4,0.5714285714285714
56.903236615191645,0.2666666666666666,0.1666666666666666,0.2666666666666666,-41,0,0.5,1.0,0.2857142857142857
-56.408402904128025,-0.05,-0.15,-0.0192307692307692,-9,-6,-0.5,1.0,0.6666666666666666
3.62862776346833,0.4,0.3,-0.0184210526315789,26,-6,0.5,0.5217391304347826,0.3333333333333333
-86.450833660547,-0.1999999999999999,-0.0999999999999999,-0.25,41,0,-0.5,0.5,0.5
-141.00343499171572,-0.6000000000000001,-0.6000000000000001,-0.3857142857142857,6,0,-0.5,0.4,0.7142857142857143
159.6490119532309,0.4,0.4,0.45,-32,0,-0.5,0.8571428571428571,0.2727272727272727
47.68527251542218,0.3999999999999999,0.2,0.0999999999999999,-15,0,0.5,0.6666666666666666,0.4
289.1247373516292,0.8,0.4999999999999999,0.4,22,0,0.5,0.7666666666666667,0.3333333333333333
98.47196550989383,0.4,0.5,0.1499999999999999,14,0,0.0,0.631578947368421,0.3333333333333333
-160.35079949902092,-0.1999999999999999,0.2,-0.0999999999999999,-17,0,-0.5,0.65,0.8888888888888888
17.323853101637496,0.4,0.2,0.1,-9,0,-0.1666666666666666,0.5454545454545454,0.3157894736842105
-113.06562164589104,-0.3999999999999999,-0.6000000000000001,-0.35,-5,0,-0.5,0.5294117647058824,0.4285714285714285
-307.8843465566763,-0.8,-0.5,-0.35,-31,0,-0.5,0.5,0.8928571428571429
45.10528487230499,-0.4,-0.4,-0.25,17,-1,0.0,0.7692307692307693,1.0
-72.97411764613184,0.0,0.1571428571428571,0.1071428571428571,-17,0,-0.5,1.0,0.7
-98.35007493112516,-0.2,0.05,0.0,-17,0,-0.5,0.75,0.7272727272727273
226.6470579476736,0.2,0.1285714285714285,0.1285714285714285,53,-1,0.0,0.7741935483870968,0.3333333333333333
-240.3032203506796,-0.4,-0.1999999999999999,-0.1999999999999999,-53,0,-0.5,0.75,0.8620689655172413
253.1339457261247,0.6000000000000001,0.3555555555555556,0.3055555555555556,53,0,0.5,0.78125,0.25
-201.22371685593544,-0.1999999999999999,-0.3,-0.1999999999999999,-53,0,-0.1666666666666666,0.6,0.8666666666666667
152.51777277298788,-0.1999999999999999,0.0999999999999999,0.1045454545454546,53,0,0.0,0.7575757575757576,0.4
23.580359179705283,0.0,0.0,0.0374999999999999,43,1,0.0,0.6875,0.5
-10.588143592141932,-0.2,-0.1999999999999999,-0.038235294117647,43,0,-0.5,0.6666666666666666,0.5555555555555556
22.3867586823626,0.0,-0.0999999999999999,-0.0055555555555555,43,0,0.0,0.6764705882352942,0.5
-11.672289210891904,-0.1999999999999999,-0.1999999999999999,-0.0289473684210526,43,0,-0.1666666666666666,0.6571428571428571,0.5454545454545454
53.887510998913285,0.2,0.2,0.2125,-27,1,0.0,0.875,0.4090909090909091
-80.96370736754602,-0.6,-0.3,-0.2735294117647058,27,0,-0.5,0.6190476190476191,0.75
105.6387877163495,0.8,0.4,0.2833333333333333,-27,0,0.5,0.8888888888888888,0.391304347826087
-64.19823886405288,-0.6000000000000001,-0.3,-0.1894736842105263,27,0,-0.1666666666666666,0.5909090909090909,0.7777777777777778
26.35174986111201,0.1999999999999999,0.1999999999999999,0.15,-27,0,0.0,0.8,0.4166666666666667
-116.0563047230646,0.0,0.1,-0.0999999999999999,-45,-1,-0.25,0.625,0.8387096774193549
137.74771495352866,0.0,0.0,0.1499999999999999,45,0,0.3,0.7647058823529411,0.5833333333333334
-157.6861361838089,-0.1999999999999999,-0.0999999999999999,-0.1999999999999999,-45,0,-0.3333333333333333,0.5555555555555556,0.84375
112.08407386010254,0.0,0.0,0.0999999999999999,45,0,0.2142857142857143,0.7714285714285715,0.5384615384615384
-134.10457056891778,-0.4,-0.0999999999999999,-0.1499999999999999,-45,0,-0.25,0.6,0.8181818181818182
55.008865621545965,0.4,0.0,-0.05,5,3,0.0,0.7857142857142857,0.7
-81.9842770463249,-0.6,-0.1,0.0,-5,0,-0.5,0.8181818181818182,0.75
106.57034476396824,0.8,0.2,0.0,5,0,0.5,0.8,0.6363636363636364
-129.05152601299665,-0.8,-0.4,-0.05,-5,0,-0.5,0.75,0.7692307692307693
-6.440759451347731,0.2,0.2,0.0499999999999999,-40,-1,-0.0999999999999999,0.8125,0.7941176470588235
26.15238847168212,0.4,0.4,0.0999999999999999,-40,0,0.0,0.8235294117647058,0.7714285714285715
55.74820344232421,0.6000000000000001,0.5,0.0999999999999999,-40,0,0.0714285714285714,0.8333333333333334,0.75
-33.34410256387014,-0.25,-0.25,-0.25,0,2,0.0,0.0,0.5
-65.13223271156971,0.0999999999999999,0.0,-0.0999999999999999,-48,-345,0.0,0.5,0.4
43.63310801459852,0.3,0.3,0.3,-5,-1,0.0,0.5,0.3333333333333333
40.37581205425272,-0.2,-0.1666666666666666,-0.1666666666666666,-5,-1464,0.0,0.0,0.0
-55.91661836615231,-0.8,-0.8,-0.8,4,0,0.0,0.3333333333333333,0.5
145.72739472282933,0.3999999999999999,0.3571428571428571,0.5071428571428571,42,0,0.5,0.6086956521739131,0.0
19.54090342059112,-0.0999999999999999,0.0999999999999999,0.1666666666666666,-12,-355,0.0,0.5,0.1666666666666666
-45.06026724625576,-0.2,-0.0999999999999999,-0.1499999999999999,-33,21,0.0,0.3333333333333333,0.35
-16.898944180871467,-0.5,-0.5,-0.5,1,1,0.0,0.0,0.5
-63.84817020961327,-0.5,-0.3333333333333333,-0.3333333333333333,6,1,0.0,0.25,0.5
-17.864347218139528,-0.4,-0.5,-0.6153846153846154,12,0,0.0,0.5,1.0
27.99266556389034,0.6,0.3,0.4,38,0,0.0,0.5555555555555556,0.0
78.3304143450539,0.3,0.375,0.375,-6,0,0.5,0.5,0.0
74.2577319305176,0.1333333333333334,-0.1666666666666666,0.0333333333333333,47,2,0.5,0.625,0.5
-85.08229523065484,-0.8,-0.8333333333333334,-0.8333333333333334,4,0,-0.5,0.0,1.0
-190.1248912456001,-0.6000000000000001,-0.3888888888888889,-0.5888888888888888,-42,0,-0.5,0.3333333333333333,0.4230769230769231
-14.430082576400764,-0.2,-0.0238095238095238,-0.0238095238095238,1,-2,-0.5,0.0,0.0
-98.62929302998008,-0.5,-0.4,-0.4,6,0,-0.5,0.25,0.0
79.63297059247566,0.6,0.7142857142857143,0.7142857142857143,-4,0,0.5,1.0,0.3333333333333333
-48.22042849996205,-0.4,-0.5,-0.6428571428571428,12,0,-0.5,0.4285714285714285,1.0
68.73919102120317,0.6000000000000001,0.1142857142857143,0.1642857142857143,33,0,0.5,0.5789473684210527,0.0
32.507815744272875,0.6,0.5,0.4,13,-2,0.5,0.5,0.5
24.19429126855539,-0.2,-0.25,-0.25,-6,2,-0.5,0.5,0.0
58.822590399571936,0.6666666666666666,0.6666666666666666,0.6666666666666666,0,0,0.5,0.5,0.0
-55.40751123936798,-0.6666666666666667,-0.1666666666666666,-0.1666666666666666,-38,0,-0.5,1.0,0.3809523809523809
10.616857350290047,-0.05,0.15,0.3125,-12,0,0.0,1.0,0.2857142857142857
-37.632479481007294,-0.4,-0.0999999999999999,-0.0999999999999999,-37,1,0.0,0.6666666666666666,0.3636363636363636
66.17989155808505,0.4,0.2666666666666666,0.1666666666666666,37,0,0.5,0.6,0.0
-92.15716363404432,-0.6000000000000001,-0.4142857142857142,-0.2142857142857143,-37,0,-0.5,0.5,0.391304347826087
160.90285470883464,0.4,0.35,0.4499999999999999,44,0,0.0,0.64,0.25
-179.05901021910358,-0.6,-0.4777777777777777,-0.4777777777777777,-44,0,-0.5,0.25,0.4444444444444444
131.8871319112368,0.4,0.3999999999999999,0.35,44,0,0.0,0.6538461538461539,0.2
-152.29156393785206,-0.4,-0.5,-0.3772727272727273,-44,0,-0.1666666666666666,0.4,0.4285714285714285
107.0992592313487,0.1999999999999999,0.2999999999999999,0.2666666666666666,44,0,0.0,0.6666666666666666,0.1666666666666666
-42.98015409855952,-0.4,-0.4,-0.4,1,-1,0.0,0.5,1.0
71.04160617692423,0.6,0.5,0.5,-1,0,0.5,1.0,0.6666666666666666
-96.58812213614374,-0.8,-0.5714285714285714,-0.5714285714285714,1,0,-0.5,0.3333333333333333,1.0
119.91433744515234,0.8,0.625,0.625,-1,0,0.5,1.0,0.5
-31.586093709341185,-0.3,-0.1999999999999999,0.0294117647058823,-13,0,0.0,1.0,0.375
60.68489537640562,0.4,0.2999999999999999,0.0999999999999999,13,0,0.5,0.5555555555555556,0.0
-87.15176396055176,-0.6,-0.4666666666666667,-0.1929824561403508,-13,0,-0.5,0.6666666666666666,0.4444444444444444
111.28901594793706,0.6,0.5142857142857143,0.2642857142857143,13,0,0.5,0.6,0.0
0.0,0.0,0.0,0.0,0,0,0.0,0.5,0.5
14.71928976254344,-0.1999999999999999,-0.1999999999999999,0.0,-32,343,0.0,0.6363636363636364,0.4137931034482758
-50.27735476531166,-0.3,-0.3,-0.05,-21,-4,0.0,0.5,0.5
63.58764986860888,0.3,0.2,0.15,-22,-362,0.0,0.5,0.3636363636363636
57.25874931574344,0.3,0.3,0.0,45,5,0.0,0.6190476190476191,0.5
28.081898161599383,-0.0999999999999999,0.0999999999999999,0.0999999999999999,10,1089,0.0,0.6,0.5
-138.83904243812708,-0.6,-0.6,-0.6,-25,0,0.0,0.0,0.5
-61.474638859891,0.6,0.3,0.4,-57,0,0.0,0.5,0.4
-105.39642515437843,-0.4,-0.575,-0.5113636363636364,3,1092,0.0,0.5,1.0
-52.0566961394336,0.3,0.0,-0.05,-63,-356,0.0,0.5,0.5555555555555556
-82.8740804447848,-0.8,-0.8,-0.6,-21,0,0.0,0.0,0.5454545454545454
-30.99092418913574,0.4,0.3,0.4,22,0,0.0,0.3636363636363636,0.5
116.59894984056496,0.6,0.7,0.6,57,0,0.0,0.6785714285714286,0.5
129.96335341880103,0.3,0.0999999999999999,0.15,25,0,0.0,0.6666666666666666,1.0
-62.06657329930613,-0.6,-0.7777777777777778,-0.7777777777777778,-8,0,0.0,0.0,0.8
81.20734334752729,-0.1999999999999999,0.3,0.1833333333333333,52,0,0.5,0.6388888888888888,0.2
-85.3550922249483,-0.8,-0.9,-0.55,-45,0,0.0,0.5,0.4166666666666667
-56.17824107080423,-0.4,-0.6,-0.6363636363636364,-10,0,0.0,0.5,0.6
-26.56527390860265,-0.4,-0.3,0.1166666666666665,-35,0,0.0,0.6666666666666666,0.44
-0.0340953556506065,0.0,0.0,0.0,0,0,0.0,0.0,0.0
-16.386242407108966,0.0,0.1999999999999999,0.1499999999999999,-55,0,0.0,0.75,0.5714285714285714
-1.064845912984083,0.0999999999999999,-0.0999999999999999,-0.0384615384615384,11,0,0.0,0.5714285714285714,0.5
71.50048667301098,0.0,0.3999999999999999,0.1999999999999999,-1,0,0.0,0.5454545454545454,0.4166666666666667
-31.973746332856308,-0.5,-0.5,-0.5,0,0,0.0,0.0,0.5
73.54839186930872,0.4,0.0999999999999999,0.0999999999999999,-32,0,0.5,0.6923076923076923,0.4193548387096774
160.45665595887544,0.6666666666666667,0.3666666666666666,0.3666666666666666,26,-2,0.5,0.7142857142857143,1.0
64.31094813372329,0.0666666666666667,0.1666666666666666,0.1666666666666666,58,-2,0.5,0.6551724137931034,0.5
-94.8967911646298,-0.6,-0.1999999999999999,-0.1999999999999999,32,0,-0.5,0.6666666666666666,0.5333333333333333
-6.704981670906363,0.0,0.0,0.0,0,0,0.5,0.0,0.5
-120.32281262950733,-0.3999999999999999,-0.3,-0.3999999999999999,-58,0,0.5,0.0,0.40625
-148.7778475368791,-0.4,-0.2999999999999999,-0.2999999999999999,-26,0,-0.5,0.5,0.5
-97.00646794925478,-0.1999999999999999,-0.5,-0.3,1,0,-0.5,0.4166666666666667,0.5
82.28633722399104,0.2666666666666666,0.4666666666666667,0.3166666666666667,22,-2,0.5,0.5833333333333334,0.0
-35.047798498177144,0.0666666666666667,-0.0333333333333333,-0.0333333333333333,23,-2,0.5,0.3846153846153846,0.0
-8.291544530450665,0.0,0.0,0.0,0,0,-0.5,0.5,0.5
-114.96830929837849,-0.1999999999999999,-0.3999999999999999,-0.35,1,0,-0.5,0.3571428571428571,0.5384615384615384
45.64651485188688,0.0,0.1999999999999999,0.25,22,0,-0.5,0.5384615384615384,0.5
66.63111392714814,0.1999999999999999,0.1999999999999999,0.3,-23,0,-0.5,0.5,0.3846153846153846
116.27122804057876,0.8,0.7,0.6923076923076923,10,0,0.5,0.7142857142857143,0.0
76.42546187175208,0.4666666666666667,0.4666666666666667,0.2166666666666667,45,0,0.5,0.6363636363636364,0.0
-38.17739160776023,-0.4,0.0,-0.2142857142857143,35,0,-0.5,0.6086956521739131,0.6666666666666666
-62.26971532422499,-0.5,-0.5,-0.5,0,0,-0.5,0.0,0.5
-130.6812900481632,-0.6,-0.7,-0.55,-45,0,-0.5,0.0,0.4230769230769231
-44.76140483997733,-0.2,0.0,-0.0666666666666666,-10,0,-0.5,0.5,0.5714285714285714
41.05807003839891,-0.1999999999999999,0.0,0.05,52,0,0.1666666666666666,0.6216216216216216,0.3333333333333333
-69.29398785221292,0.0,0.0,-0.1333333333333333,-52,0,-0.25,0.625,0.5862068965517241
25.21316800315003,-0.1333333333333333,0.2666666666666666,0.303030303030303,8,0,-0.5,0.6,0.0
13.094347784439831,-0.0999999999999999,0.0,0.0625,-12,0,-0.5,0.5,0.2857142857142857
91.00570924558792,0.8,0.0,0.0166666666666666,56,0,0.5,0.631578947368421,0.6666666666666666
-24.51568705888394,-0.6,-0.1999999999999999,0.0678733031674208,-4,0,-0.5,0.5,0.375
110.40577878586032,0.4,0.1999999999999999,0.1999999999999999,64,0,0.5,0.6410256410256411,0.5
80.36506809548837,0.0,0.0999999999999999,0.0,4,1,0.0,0.7333333333333333,0.5
-41.09241672794224,0.1999999999999999,0.0,0.0999999999999999,-4,0,0.1666666666666666,0.5714285714285714,0.4705882352941176
5.325214901256459,-0.3999999999999999,0.0,-0.1499999999999999,4,0,-0.25,0.6875,0.5333333333333333
-36.8347828873093,0.3999999999999999,0.0,0.1499999999999999,-4,0,0.0999999999999999,0.6,0.4444444444444444
1.4548281313036568,-0.6000000000000001,-0.0999999999999999,-0.1499999999999999,4,0,-0.1666666666666666,0.7058823529411765,0.5
55.78435905573883,0.2,0.0,0.1875,-2,1,0.0,0.75,0.4444444444444444
18.690130400048247,0.0,0.0,0.1207430340557276,-2,0,-0.5,0.6666666666666666,0.5
48.97036436944995,0.0,0.0999999999999999,0.1666666666666666,-2,0,0.0,0.7,0.4545454545454545
76.48965965468801,0.0,0.2,0.2342105263157894,-2,0,0.1666666666666666,0.7272727272727273,0.4166666666666667
37.556356273467145,0.0,0.0999999999999999,0.2,-2,0,0.0,0.6666666666666666,0.4615384615384615
-37.09223067274184,-0.4,0.0,0.0,-19,1,-0.5,0.625,0.6
65.68883047584336,0.6,0.0,0.0,19,0,0.5,0.65,0.4444444444444444
91.70974039821954,0.6,0.2,0.05,19,0,0.5,0.6585365853658537,0.4285714285714285
115.45382241048378,0.6,0.4,0.0999999999999999,19,0,0.5,0.6666666666666666,0.4137931034482758
66.18896057585653,-0.2,-0.0666666666666666,-0.0166666666666666,58,1,0.0,0.6774193548387096,0.6666666666666666
92.1654269568362,0.0,0.0285714285714285,0.1285714285714285,58,0,0.5,0.6875,0.5
115.87034561507473,0.4,0.1999999999999999,0.1999999999999999,58,0,0.5,0.696969696969697,0.4
-13.697213166393112,0.0,0.0,-0.15,-10,0,0.0,0.5555555555555556,0.4705882352941176
19.563693608184398,0.1999999999999999,0.0999999999999999,-0.0999999999999999,-10,0,0.5,0.6,0.4444444444444444
49.76371282627065,0.6000000000000001,0.2999999999999999,0.0,-10,0,0.5,0.6363636363636364,0.4210526315789473
-7.28185383756113,-0.1999999999999999,0.1,0.0,7,0,0.0999999999999999,0.6511627906976745,0.4242424242424242
-25.388731498949937,0.0,-0.2,0.0,-7,0,-0.1666666666666666,0.7058823529411765,0.6129032258064516
55.05449629699183,0.2,0.3,0.0499999999999999,7,0,0.2142857142857143,0.6590909090909091,0.4117647058823529
-76.9159852652781,0.1999999999999999,-0.0999999999999999,-0.0499999999999999,-51,1,-0.3,0.6666666666666666,0.625
37.945269116163445,-0.4,0.0,-0.0499999999999999,51,0,0.1666666666666666,0.6666666666666666,0.5
2.4642103412568304,-0.4,-0.1,-0.0499999999999999,51,0,0.0714285714285714,0.6521739130434783,0.5333333333333333
-58.12899702306163,-0.3,-0.3333333333333333,-0.3333333333333333,6,1090,0.0,0.3333333333333333,0.5
0.0,0.0,0.0,0.0,0,0,0.0,0.5,0.5
-39.95180494705755,0.0,0.25,0.25,7,361,0.0,0.4,0.0
-16.0,-0.5,-0.5,-0.5,1,1,0.0,0.0,0.5
-33.295501927641226,-0.4,-0.0634920634920634,-0.0634920634920634,2,0,0.0,0.3333333333333333,0.0
32.73630679352209,1.0,1.0,1.0,0,0,0.0,0.5,0.0
-18.307929354309863,-0.0999999999999999,-0.125,-0.125,8,736,0.0,0.3333333333333333,0.5
0.0,0.0,0.0,0.0,0,0,0.0,0.5,0.5
-15.157668187282296,-0.5,-0.5,-0.5,-1,-1,0.0,0.5,1.0
-16.0,-0.5,-0.5,-0.5,-1,-1,0.0,0.5,1.0
50.16319142806037,0.8,0.6666666666666667,0.6666666666666667,-8,0,0.0,1.0,0.4
-32.73630679352209,-1.0,-1.0,-1.0,0,0,0.0,0.0,0.5
-2.26992738889021,0.0,0.0,0.0,0,0,-0.5,0.0,0.5
16.074029027875213,0.1666666666666666,0.1666666666666666,0.1666666666666666,-1,2,0.5,0.5,0.3333333333333333
20.521376957181477,-0.0999999999999999,0.125,0.125,-6,0,-0.5,0.5,0.25
30.60481735033932,0.3333333333333333,0.3333333333333333,0.3333333333333333,0,0,0.5,0.5,0.5
65.81565637130598,0.3333333333333333,0.1333333333333333,0.1333333333333333,-7,-2,0.5,0.0,0.0
31.99961857516041,0.25,0.25,0.25,0,0,0.0,0.5,0.0
92.18699185644664,0.8,0.2444444444444444,0.2626262626262626,-2,0,0.5,0.5,0.0
-45.263143281007615,-0.35,-0.35,-0.35,1,0,0.0,0.0,1.0
-29.76057611527176,-0.5,-0.5,-0.5,0,0,-0.5,0.0,0.5
13.631490857765357,0.3,0.0999999999999999,0.0999999999999999,-8,0,0.5,0.5,0.5
-4.973789923198183,0.0,0.0,0.0,0,0,0.0,0.5,0.5
-16.57077004085704,-0.1666666666666666,-0.1666666666666666,-0.1666666666666666,1,-2,-0.5,0.0,0.5
-65.10764367038814,-0.75,-0.75,-0.75,2,-2,-0.5,0.0,1.0
19.815136034652824,0.0666666666666667,0.1666666666666666,0.1212121212121212,8,0,0.5,0.25,0.0
41.6282186935307,0.5,0.5,0.5,-1,0,0.5,1.0,1.0
22.573720590506355,0.1999999999999999,0.1999999999999999,0.1999999999999999,0,1,0.0,0.6666666666666666,0.5
52.49752475999571,0.1999999999999999,0.3333333333333333,0.3333333333333333,0,0,0.5,0.75,0.3333333333333333
79.69878890263112,0.4,0.4285714285714286,0.4285714285714286,0,0,0.5,0.8,0.25
-59.76637694494752,-0.5,-0.5,-0.5,0,0,0.0,0.5,1.0
86.31535221427771,0.6,0.6,0.6,0,0,0.5,1.0,0.5
110.52503229226636,0.8,0.6666666666666667,0.6666666666666667,0,0,0.5,1.0,0.3333333333333333
-132.6753374867974,-0.8,-0.7142857142857143,-0.7142857142857143,0,0,-0.5,0.3333333333333333,1.0
-30.21515106366178,0.2,-0.0999999999999999,-0.0999999999999999,4,0,0.0,0.4,0.5
-4.56077250564158,-0.4,-0.0714285714285714,-0.0259740259740259,-4,0,-0.5,0.5,0.4
-27.859266039397426,0.0,0.0,-0.0833333333333333,4,0,0.0,0.5,0.4
6.701181900970369,0.1999999999999999,0.1555555555555555,0.0170940170940171,4,0,0.1666666666666666,0.5714285714285714,0.3333333333333333
-38.084056762552336,-0.1999999999999999,-0.2999999999999999,-0.0999999999999999,-4,0,-0.25,0.6666666666666666,0.3333333333333333
-24.967630333857187,-0.0999999999999999,0.0,0.0,-8,1,0.0,0.5,0.5714285714285714
54.67197700239217,0.4,0.1999999999999999,0.1384615384615384,8,0,0.5,0.4,0.5
-81.67765661167982,-0.6,-0.2666666666666666,-0.238095238095238,-8,0,-0.5,0.3333333333333333,0.625
42.2904546613629,0.4,0.0714285714285714,0.1047619047619047,8,0,0.1666666666666666,0.5,0.3333333333333333
-18.12678834888493,-0.3999999999999999,-0.4142857142857142,-0.1809523809523809,-8,726,0.0,0.0,0.2857142857142857
0.0,0.0,0.0,0.0,0,0,0.0,0.5,0.5
65.16469995402372,0.2,0.375,0.375,2,-356,0.0,1.0,0.6666666666666666
165.13006358452049,0.8,0.4,0.2999999999999999,0,-384,0.0,0.6923076923076923,0.3125
46.47571569172419,-0.4,-0.25,-0.1999999999999999,29,352,0.0,0.7222222222222222,0.5
-32.73266953887628,0.2,0.1999999999999999,0.05,7,-364,0.0,0.6382978723404256,0.7297297297297297
52.61247301309436,-0.4,0.0,0.0374999999999999,54,345,0.0,0.6857142857142857,0.5555555555555556
-19.7788115079602,0.3,0.0999999999999999,-0.05,-36,-352,0.0,0.5,0.4
-77.74167013447573,-0.3999999999999999,-0.4777777777777778,-0.3777777777777777,21,0,0.0,0.5384615384615384,0.75
-132.46196201335215,-0.1999999999999999,-0.3285714285714286,-0.1785714285714286,-23,0,0.0,0.3333333333333333,0.5625
67.86393080217204,-0.3999999999999999,-0.1666666666666666,-0.0666666666666666,72,0,0.0,0.625,0.3333333333333333
55.37020359550706,-0.3999999999999999,0.0,0.0,36,0,0.1666666666666666,0.7777777777777778,0.4210526315789473
-70.6068933013562,-0.2,-0.1999999999999999,-0.0499999999999999,-34,0,0.0,0.625,0.4
-40.76258568646131,-0.6,-0.6,-0.5294117647058824,-16,0,0.0,0.0,0.5
61.09993349287561,0.8,0.75,0.75,-7,0,0.0,1.0,0.6666666666666666
-19.35882914877766,-0.6,-0.7,-0.5,-15,0,0.0,0.5,0.375
-52.80866532631831,-0.3999999999999999,-0.2,-0.15,23,0,0.0,0.5,0.75
102.93054312104869,0.4,0.1999999999999999,0.0,21,0,0.0,0.7142857142857143,0.8
-46.27264792757205,0.0,0.0999999999999999,-0.05,-20,0,0.0,0.5714285714285714,0.4285714285714285
83.48982171561988,-0.3,0.0999999999999999,0.05,70,0,0.0,0.6944444444444444,0.5
-10.746652789609016,0.0999999999999999,0.0999999999999999,-0.0294117647058823,15,0,0.0,0.625,0.5
27.20541543126228,0.0999999999999999,0.1666666666666666,0.1666666666666666,-7,0,0.0,1.0,0.75
-155.97607569949582,0.1999999999999999,0.0999999999999999,0.0,-65,0,0.0,0.8333333333333334,0.7368421052631579
-20.028813685417163,0.3999999999999999,-0.0999999999999999,-0.0999999999999999,-43,0,0.25,0.7368421052631579,0.6060606060606061
44.67729677558964,0.2666666666666666,0.1666666666666666,0.2222222222222222,-15,0,0.5,1.0,0.3333333333333333
16.873932292338623,0.0833333333333333,0.0833333333333333,0.0833333333333333,1,-2,-0.5,1.0,1.0
-1.92628458148306,-0.2,0.1,0.1210526315789473,9,-2,0.5,0.5555555555555556,0.6
-71.71972720185204,-0.4,-0.3,-0.35,15,0,-0.5,0.6,0.0
-54.64985167307577,-0.0999999999999999,-0.3,-0.2272727272727273,7,0,0.5,0.0,0.5
18.64586589853297,0.1999999999999999,0.0999999999999999,0.0999999999999999,-16,0,0.5,0.5,0.3
-96.21800336158594,-0.6000000000000001,-0.4666666666666666,-0.4166666666666666,6,0,-0.5,0.0,0.0
45.40705793321831,-0.0666666666666666,-0.1666666666666666,-0.1166666666666665,36,0,0.5,0.6470588235294118,1.0
9.248562687599131,-0.15,-0.35,-0.25,36,0,0.0,0.6111111111111112,1.0
-72.57354224417509,0.0,0.0999999999999999,-0.0263157894736842,-54,0,-0.5,0.5,0.3888888888888889
45.74844013811003,-0.1999999999999999,0.0999999999999999,0.05,33,0,-0.5,0.6756756756756757,0.4545454545454545
-75.8394415288094,-0.6000000000000001,-0.3,-0.35,15,0,-0.5,0.4444444444444444,1.0
82.8929804638858,0.6,0.0,0.0499999999999999,21,0,0.5,0.5789473684210527,0.4545454545454545
8.511219341335163,0.6,0.4333333333333333,0.3333333333333333,-69,0,0.5,0.5,0.4054054054054054
-13.81386745497116,-0.3999999999999999,0.0,0.0999999999999999,43,0,-0.3,0.6326530612244898,0.4
174.5033277691789,0.1999999999999999,0.0,0.0545454545454545,65,0,0.5,0.7837837837837838,0.25
-91.78977010746598,-0.3999999999999999,0.0999999999999999,-0.05,-29,0,-0.5,0.7142857142857143,0.3809523809523809
80.41120151612836,0.4,0.0,-0.05,-7,0,0.5,0.7894736842105263,0.5882352941176471
-142.75447829340305,-0.6,-0.0999999999999999,-0.2384615384615384,-72,0,-0.5,0.625,0.6
-68.36202683526358,-0.2,0.0,0.0499999999999999,-36,0,-0.2,0.75,0.7435897435897436
118.62765206005952,0.2,0.3444444444444444,0.1944444444444444,23,0,0.5,0.6666666666666666,0.8
136.89132946899758,0.3999999999999999,0.5,0.4681818181818182,-21,0,0.5,0.8,0.2941176470588235
-62.45499940026275,-0.2,-0.0999999999999999,0.0833333333333333,-21,0,0.5,0.8333333333333334,0.5882352941176471
79.24516434676502,0.2,0.3,0.2,-23,0,0.5,0.25,0.2777777777777778
-84.08527403061476,-0.2,-0.2,-0.3006993006993007,-2,0,0.5,0.4,0.8333333333333334
-212.91952790002145,-0.6,-0.7000000000000001,-0.4499999999999999,0,0,-0.1666666666666666,0.4666666666666667,0.5555555555555556
-110.86913358218636,0.0,0.2142857142857143,0.0142857142857143,-79,2,0.0,1.0,0.6111111111111112
-68.99075729936249,0.2,0.35,0.0999999999999999,-79,0,0.5,1.0,0.5945945945945946
94.71869486645984,0.2,-0.1666666666666666,-0.0166666666666666,79,0,0.0,0.64,0.3333333333333333
-54.204671931764096,0.0,0.1999999999999999,0.0999999999999999,-79,0,0.1666666666666666,0.8333333333333334,0.6052631578947368
-62.75363969030445,0.4,0.057142857142857,0.1071428571428571,-28,2,0.0,0.6666666666666666,0.5789473684210527
89.03585888757493,-0.2,0.05,0.05,28,0,0.5,0.6875,1.0
-49.01027465292623,0.2,0.0777777777777778,0.0277777777777777,-28,0,0.0,0.5,0.6
76.5259661929706,0.0,0.0,0.05,28,0,0.1666666666666666,0.6470588235294118,1.0
-64.35419059744981,-0.4,-0.3,-0.307142857142857,29,2,0.0,0.6,0.8571428571428571
-26.4938185127362,-0.2,-0.0999999999999999,-0.25,29,0,0.5,0.6190476190476191,0.75
7.941633560878472,0.2,0.0999999999999999,-0.1999999999999999,29,0,0.5,0.6363636363636364,0.6666666666666666
-24.789690557784525,0.2,0.0999999999999999,-0.214705882352941,29,0,0.1666666666666666,0.6086956521739131,0.7
183.150398191566,0.2,-0.0999999999999999,0.0,57,-2,0.0,0.7692307692307693,0.3636363636363636
199.68803254033696,0.2,0.0999999999999999,0.0499999999999999,57,0,0.5,0.775,0.3333333333333333
151.0852179273113,-0.2,0.0999999999999999,-0.0499999999999999,57,0,0.0,0.7560975609756098,0.3846153846153846
-169.98526984343175,0.0,-0.1999999999999999,0.0499999999999999,-57,0,-0.1666666666666666,0.6363636363636364,0.75
83.34940553907018,0.0,-0.1,0.0227272727272727,28,0,0.0,0.6666666666666666,0.5
-43.816598212689314,0.2,0.2,0.0,-28,0,0.5,0.8571428571428571,0.6190476190476191
7.802200600606739,-0.4,-0.3,-0.0192307692307692,28,0,-0.5,0.631578947368421,0.6
-39.08371214170711,0.2,0.0999999999999999,-0.0357142857142857,-28,0,0.1666666666666666,0.875,0.5909090909090909
-93.799166177821,0.0,-0.1,0.0,-36,0,0.0,0.625,0.7560975609756098
53.36389493954312,-0.2,0.0,0.0,36,0,-0.5,0.7619047619047619,0.4782608695652174
-16.487187214845562,0.4,0.0999999999999999,0.0499999999999999,-36,0,0.5,0.64,0.7380952380952381
46.96979997312701,0.0,-0.0999999999999999,0.0,36,0,-0.1666666666666666,0.7441860465116279,0.5
-18.314325994431783,0.0,-0.1,0.1333333333333333,-36,1,0.0,0.8888888888888888,0.52
-15.370925149882169,-0.2,-0.1,-0.1999999999999999,36,0,-0.5,0.6153846153846154,0.5
45.9561335493313,0.4,0.2,0.214705882352941,-36,0,0.5,0.9,0.5
19.666866168648085,-0.0999999999999999,0.0999999999999999,0.0,12,342,0.0,0.3333333333333333,0.5
-26.09764461306304,-0.0999999999999999,-0.1666666666666666,-0.1666666666666666,6,1813,0.0,0.3333333333333333,0.5
61.90592580772045,0.5,0.3333333333333333,0.3333333333333333,-6,-1449,0.0,0.5,0.0
14.800414332438775,0.5,0.5,0.5,1,1,0.0,0.5,0.5
59.98957065358877,0.0,-0.1428571428571428,-0.1428571428571428,-6,0,0.0,0.5,0.0
21.583221322779764,-0.4,-0.4,-0.4615384615384615,12,0,0.0,0.4285714285714285,0.5
-6.301493009680371,-0.3,-0.0555555555555555,-0.0555555555555555,7,719,0.0,0.25,0.0
-44.516767039011256,-0.6,-0.5,-0.5454545454545454,9,353,0.0,0.75,1.0
-25.57923122786451,0.4,0.2857142857142857,0.2857142857142857,6,0,0.0,0.25,0.0
-3.641402273497533,-0.0999999999999999,0.0,0.0,-12,-1,0.0,0.5,0.2857142857142857
-96.50725736569802,-0.4,-0.375,-0.375,-2,1,0.0,0.3333333333333333,0.6
15.337642242438504,0.5,0.5,0.5,1,0,0.0,0.5,0.5
-56.59576822477948,-0.0999999999999999,-0.25,-0.25,6,0,0.0,0.2,1.0
7.393400853923367,-0.0666666666666666,-0.0666666666666666,-0.1282051282051282,10,0,0.5,0.8,0.5
40.27198335571575,0.1999999999999999,0.1666666666666666,0.1666666666666666,5,0,0.0,0.6666666666666666,0.3333333333333333
46.13070992373173,0.4166666666666667,0.4166666666666667,0.4166666666666667,1,0,0.0,1.0,0.5
-34.48749361320688,-0.4666666666666667,-0.2666666666666666,-0.2,-12,1,0.0,0.0,0.375
19.69439661527417,0.0499999999999999,-0.0499999999999999,-0.0499999999999999,-6,0,-0.5,0.0,0.25
51.59788637526549,0.0999999999999999,0.0999999999999999,0.0714285714285714,12,0,0.5,0.5,0.0
81.89498328166314,0.3333333333333333,0.2222222222222222,0.2222222222222222,-6,0,0.5,1.0,0.0
-35.29402310177102,-0.2666666666666666,-0.1666666666666666,-0.2121212121212121,-8,-2,0.0,1.0,0.6666666666666666
-175.7234544045591,-0.8,-0.5,-0.5,-5,0,0.0,0.25,0.6666666666666666
-7.97422389220219,0.0,0.0,0.0,0,0,0.0,1.0,0.0
-37.739617023383744,0.0,-0.1999999999999999,-0.0625,-4,0,0.0,0.4,0.5714285714285714
9.392691227959858,0.1999999999999999,0.0,0.0615384615384615,8,0,0.5,0.3333333333333333,0.0
-40.527803088249584,-0.1999999999999999,-0.0666666666666667,-0.1666666666666666,-8,0,-0.5,0.6666666666666666,0.5714285714285714
4.811893150088963,0.0,-0.0285714285714285,0.0380952380952381,8,0,0.1666666666666666,0.4285714285714285,0.0
-36.36872974744847,0.0,-0.125,-0.125,-8,0,-0.25,0.75,0.5
1.031227174412379,0.0,0.0555555555555555,0.0261437908496732,8,0,0.0999999999999999,0.5,0.0
-34.76884759659424,-0.0999999999999999,-0.0999999999999999,-0.1363636363636363,7,0,-0.5,0.3333333333333333,0.5
-0.4228342840651748,-0.1999999999999999,-0.0999999999999999,-0.0166666666666666,-7,0,0.0,0.5,0.4
-32.38388982652077,-0.4,-0.2666666666666666,-0.1282051282051282,-7,0,-0.1666666666666666,0.3333333333333333,0.5
-0.0036851360709988,0.0,-0.0999999999999999,0.0,-2,2,0.0,0.7142857142857143,0.4444444444444444
-31.99665427750415,-0.1999999999999999,-0.0999999999999999,-0.0557275541795665,2,0,-0.5,0.5555555555555556,0.3333333333333333
61.05795677289734,0.1999999999999999,0.1999999999999999,0.1055555555555555,-2,0,0.5,0.75,0.4
4.080093179141386,-0.2,0.0,0.0999999999999999,-9,1,0.0,1.0,0.5714285714285714
-28.29568001618327,-0.6,-0.0999999999999999,-0.0333333333333333,-9,0,-0.5,0.6666666666666666,0.625
-57.69529823709445,-0.6,-0.2714285714285714,-0.1339285714285714,-9,0,-0.5,0.5,0.6666666666666666
-159.15912189556047,-0.2,-0.0999999999999999,-0.2,-42,742,0.0,0.52,0.5897435897435898
-98.78116116682077,-0.8,-0.6333333333333334,-0.4215686274509804,-11,717,0.0,0.0,0.7
91.23342043825414,-0.0999999999999999,0.0999999999999999,0.2222222222222222,18,343,0.0,0.8571428571428571,0.5
-42.30874077156204,-0.3,-0.3,-0.3,-5,-7,0.0,0.5,0.6666666666666666
43.45153634486769,0.3,0.1999999999999999,0.0789473684210526,19,4,0.0,0.7777777777777778,0.5
0.0,0.0,0.0,0.0,0,0,0.0,0.5,0.5
